chrom	start	end	length	n_cpgs	meanMethy1	meanMethy2	diff.Methy	areaStat
chr6	108174182	108176861	2680	133				-745.979145932789
chr2	63058511	63059711	1201	52				-340.351616240327
chr5	2746409	2748322	1914	43				-278.842157908684
chr14	56803752	56804953	1202	35				-203.779518406701
chr14	69571988	69572323	336	41				-190.907834869695
chr16	79347087	79347893	807	28				-187.984863593896
chr14	56798663	56799584	922	33				-184.968794299172
chr10	484578	485159	582	34				-184.624913016759
chr5	158977536	158978928	1393	19				-166.874972127048
chr2	44929731	44930241	511	31				-152.096236356725
chr6	14754798	14755385	588	20				-148.429102338157
chr14	69850163	69850585	423	28				-144.153955252512
chr9	971200	971567	368	28				-139.953836783722
chr1	50417720	50418459	740	25				-139.430233425504
chr2	44932582	44933093	512	27				-136.863115102724
chr8	119671772	119672693	922	21				-127.610993098611
chr7	155789846	155790233	388	23				-127.425633167192
chr21	42668311	42668839	529	22				-126.108560950626
chr11	70885839	70886404	566	22				-125.8180142071
chr5	2749298	2749602	305	25				-119.250112686904
chr10	14007967	14008720	754	22				-118.191635251055
chr12	131216991	131217474	484	23				-115.591501431106
chr17	78592195	78592684	490	19				-113.592803397709
chr14	56812512	56813463	952	19				-110.642097056151
chr6	55873407	55875151	1745	13				-110.173309350508
chr4	137529587	137530431	845	17				-109.948768011639
chr20	17771263	17771909	647	17				-109.933868851935
chr1	34441413	34441986	574	19				-108.332107705777
chr15	28777374	28777820	447	19				-107.920086102246
chr16	17013527	17014070	544	19				-104.992908857194
chr7	107386234	107386667	434	18				-102.959964758935
chr16	12526591	12526978	388	19				-95.4970162609009
chr2	106281710	106282475	766	16				-94.5077557033199
chr17	77163000	77163979	980	18				-92.8605941048655
chr2	44952944	44953153	210	20				-90.7648680387297
chr6	3340327	3340942	616	15				-89.8035147484273
chr5	100774827	100775179	353	12				-89.2089223979748
chr22	49404816	49405175	360	15				-89.0423041034088
chr1	6435145	6435628	484	17				-87.2799271594802
chr1	244118054	244118592	539	15				-87.0845828710172
chr4	167688516	167689108	593	14				-85.5935638609485
chr2	63060100	63060773	674	15				-84.0541984252889
chr9	970434	970611	178	17				-82.1936640585539
chr12	131604606	131605247	642	15				-81.9426590559154
chr1	87284679	87285373	695	13				-81.7316181124299
chr8	1453967	1454355	389	14				-81.1154142585746
chr2	44933301	44933690	390	16				-80.5293672544068
chr1	16796112	16796880	769	14				80.4470288790745
chrX	667003	667466	464	15				-79.9550750628276
chr14	56797351	56797588	238	16				-79.6694262139561
chr8	35794270	35795078	809	14				-79.454348857371
chr10	131350596	131350979	384	13				-78.0247826760659
chrX	776561	777134	574	12				-77.7045990336446
chr3	137509641	137509986	346	12				77.3434841160032
chr7	72918145	72918504	360	12				-77.1898753572816
chr16	14486896	14487205	310	13				-75.9862756127904
chr13	54572255	54572420	166	13				-74.0724082677319
chrX	1292687	1292949	263	15				-73.7001507747905
chr5	1428687	1429183	497	10				-72.8586369446557
chr2	236040700	236040910	211	14				-71.9611040583158
chr6	15266045	15267071	1027	13				-71.623602173515
chr12	76692363	76692719	357	13				-71.2369787362934
chr16	78330458	78330808	351	14				-70.8027195663485
chr14	56796652	56797276	625	13				-70.464465781298
chr12	76421292	76423338	2047	13				68.6418056373408
chr1	175044549	175044864	316	13				-67.8443535410813
chr9	91900444	91900682	239	14				-67.5828827651173
chr7	20336155	20336592	438	13				-67.2432892307828
chr21	31306604	31307077	474	13				-67.2341920217035
chr15	69548893	69549398	506	13				-66.8727675632886
chr17	43591844	43592166	323	14				-66.6729072345642
chr16	18832807	18833156	350	11				66.2505923691754
chr16	48879689	48879968	280	10				-65.9080073380614
chr12	3990756	3991104	349	14				-65.5609106102694
chrX	2440968	2441316	349	12				-65.4364246167637
chrX	8196708	8197318	611	12				-64.9994516392996
chr6	137362921	137363496	576	13				-63.0079503998962
chr6	112879682	112880056	375	12				-62.4812897782213
chr2	1456080	1456338	259	9				-61.8552170308762
chr13	101110585	101111216	632	12				-61.5265941232129
chr11	27469082	27469881	800	12				-61.435373418114
chr2	3040797	3041073	277	11				-61.3659564286589
chr18	55458663	55459079	417	11				-60.7974469990987
chr18	78396913	78397531	619	12				-60.7460409942757
chr13	20331898	20332434	537	12				-60.4349617915547
chr11	3576209	3576489	281	9				-60.379251118301
chr5	172156681	172157068	388	11				-59.9504725366395
chr18	21244399	21244842	444	10				-59.74994724978
chr21	38744166	38744467	302	10				-59.3784942717343
chr13	106755348	106755798	451	12				-59.3723223930667
chr17	65403340	65403675	336	12				-58.6548309192417
chr14	56797658	56797922	265	12				-58.2482431241992
chr12	132836437	132836549	113	11				-57.761727671122
chr2	100045186	100045407	222	10				-57.6039899475161
chr5	172355106	172355355	250	11				-57.5359551740631
chr10	10870720	10870945	226	11				-57.5179798446257
chr8	7766717	7766938	222	12				-57.3366478567964
chr15	57547162	57547501	340	11				-57.2360036883795
chr18	40939537	40939817	281	12				57.1036286150499
chrX	40836476	40837134	659	10				-56.8480257063008
chr1	212513415	212513838	424	12				-56.6884761832156
chr4	6016708	6017093	386	11				-56.5246269456223
chr9	4622060	4622425	366	11				-55.804822621254
chr12	115163618	115164186	569	11				55.7838592554532
chr16	84286788	84287131	344	11				-55.6880123816744
chr17	68383522	68384018	497	11				-55.6120554804825
chr4	138672990	138673290	301	10				-55.3889685647878
chr7	41783266	41783688	423	9				-55.3210327491295
chr18	21240765	21241175	411	10				-55.1198166583047
chr10	117132453	117132678	226	11				-55.02029684886
chr3	62377356	62377425	70	12				-55.0037265988684
chr8	1455727	1455940	214	11				-54.8692609063188
chr20	36248911	36249596	686	9				54.6008679791845
chr4	182767961	182768322	362	10				-54.1201554001608
chr4	31997737	31998454	718	8				-54.0000252648318
chr13	52933235	52933583	349	10				-53.5746900808912
chr16	5642175	5642610	436	10				53.4610372558782
chr6	27977536	27977803	268	8				-53.2721461206301
chr6	88006357	88006853	497	9				-53.0801585695128
chr5	3518160	3518516	357	11				-52.2405353186346
chr14	48561422	48562167	746	9				-52.240305117501
chr22	47919041	47919385	345	10				52.0095175009798
chr22	34428726	34428920	195	7				-51.8926708335965
chr16	23051531	23051999	469	10				-51.8635910022002
chr11	132590543	132590831	289	8				-51.5968829106702
chr3	172112284	172112739	456	8				-51.5295175638464
chr8	48683148	48683324	177	11				-51.4459998039073
chr17	20870068	20870237	170	11				51.3783269165545
chr9	132403401	132404121	721	10				-51.1611810014642
chr1	18458654	18459063	410	9				-51.0120565980776
chr16	25889081	25889378	298	10				-50.7544912492995
chr5	2744468	2745347	880	9				-50.7172140084144
chr7	154452993	154453235	243	10				-50.5864283501795
chr6	3008962	3009311	350	10				-50.2231244625092
chr10	132329881	132330190	310	10				-49.8793584790081
chr4	123338705	123339135	431	8				49.7077685145698
chr7	137304610	137305170	561	10				-49.6282075581666
chr1	50418752	50418879	128	11				-49.504146939131
chr12	125499454	125499863	410	9				-49.4023611881451
chr4	157014880	157015201	322	9				-49.2962432660716
chrX	40835363	40835719	357	8				-49.2706909744934
chr3	149186546	149186916	371	10				-49.0637397519568
chr2	125983231	125983917	687	8				-48.7964497353986
chr9	114170631	114170889	259	9				-48.6358357054568
chr8	102108322	102108943	622	10				-48.5858210014472
chr3	143081875	143082044	170	7				-48.2880669487119
chr2	105081934	105082411	478	10				-48.1164898009084
chr1	230636904	230638056	1153	9				-48.0785423694493
chr18	77042655	77042959	305	10				-47.9416032187574
chr13	31351998	31352439	442	9				-47.5468602243956
chr10	3822712	3823304	593	9				-47.5001733430561
chr4	37649301	37649601	301	10				-47.1633241501322
chr18	76771385	76771895	511	9				47.0397246795607
chr21	31346359	31346707	349	10				-47.0037574983095
chr1	207171703	207172022	320	7				-46.8398007450944
chr4	169220810	169221594	785	9				46.6372406861821
chr2	209922065	209922402	338	9				-46.5993675074609
chr16	21527326	21527782	457	8				-46.3879915529619
chr10	130461309	130461683	375	8				-46.3721806234276
chr11	49225208	49225735	528	8				46.2249247076573
chr18	10074676	10074941	266	9				-46.1498123625617
chr3	70488064	70488246	183	8				-46.0660358300674
chr22	34161394	34161773	380	9				45.6043088328159
chr2	66217107	66217567	461	8				-45.4270636512798
chr14	54650491	54651011	521	9				-45.361888538843
chr1	84719340	84719974	635	9				45.3067137962909
chr9	20144407	20144748	342	8				-45.0168611968837
chr21	39850998	39851362	365	8				-44.9839586808797
chr5	5616472	5616739	268	6				44.77133594513
chr4	8090619	8090962	344	9				-44.6971811791202
chr17	42925369	42925678	310	7				-44.6537765337076
chr11	61603372	61603459	88	10				44.4400699004932
chr2	191093626	191093989	364	9				44.4380999200918
chr17	34130690	34131189	500	9				-44.4125617548131
chr1	18588124	18588327	204	8				-44.3985535186351
chr21	29824685	29824958	274	8				-44.2854771671096
chr4	155248654	155249538	885	9				44.1700231555331
chr3	86986043	86986941	899	8				-44.1656879877783
chr10	21499251	21499574	324	9				-43.8602852411689
chr10	3013373	3013887	515	7				-43.7771320099463
chr3	111074765	111075218	454	7				-43.5696229136184
chr12	124040435	124040735	301	9				-43.4928370017347
chr17	6567940	6568136	197	9				-43.4609298811839
chr8	11226646	11226968	323	9				43.4144131249215
chr7	40828784	40829037	254	8				-43.3912560154354
chr6	75156157	75156678	522	7				-43.2365906307943
chr2	8162686	8162878	193	9				-43.113693000946
chr7	94395948	94396275	328	6				-43.0744036446899
chr3	86993732	86994151	420	8				-42.9251230379721
chr6	166905087	166905406	320	8				-42.8438986504574
chr17	73396957	73397085	129	9				-42.8134675430888
chr16	25819389	25819678	290	8				-42.7316638950812
chr16	47260631	47260810	180	9				-42.5680968999368
chr1	243508172	243508544	373	9				-42.3896917943427
chr7	32068744	32069051	308	8				-42.3391002432308
chr9	124010534	124010817	284	8				-42.0257742676968
chr1	233885236	233885765	530	8				41.8788907095119
chr21	37711107	37711292	186	9				-41.7790780734431
chr2	226797001	226797299	299	9				-41.7437945238966
chr5	152511105	152511501	397	6				-41.7142164885304
chr18	77825845	77826301	457	7				-41.6897502998945
chr9	124022760	124022848	89	9				-41.5751688806786
chr2	6448819	6449159	341	8				-41.4792934400854
chr9	38422798	38423463	666	8				-41.4681602074607
chr1	82843959	82844207	249	8				-41.3759751453447
chr5	81167418	81167968	551	8				-41.3388585666636
chr8	127795772	127796039	268	8				-41.23477755998
chr12	108804390	108804804	415	8				-41.199359866046
chr2	103254571	103254818	248	7				-41.1507260104733
chr22	43263512	43263636	125	9				-41.1127610240993
chr3	128999763	129000076	314	8				-40.9726231816896
chr8	135657171	135657276	106	8				-40.9490064009893
chr5	146589990	146590184	195	9				-40.8700179019821
chr1	213661351	213661650	300	8				-40.8611445843106
chr3	158058979	158059083	105	7				-40.8494141663969
chr9	111401056	111401351	296	7				-40.8292677377191
chr11	3532491	3532993	503	6				-40.758102875241
chr2	226796004	226796212	209	8				-40.5298212573491
chr10	88500101	88500713	613	7				40.5107899352973
chr3	143752332	143752706	375	7				40.4368658972187
chr7	97887001	97887372	372	7				-40.3961392970092
chr6	163341980	163342270	291	7				-40.3195944080788
chr19	7287691	7288083	393	8				-40.3142914035912
chr2	188978412	188979307	896	7				-40.2672862889909
chr12	3116726	3116941	216	9				-40.1733792700166
chr1	18638904	18639282	379	6				40.1293726829447
chr8	71965941	71966175	235	7				40.0984547352973
chr11	100221323	100221797	475	8				40.0955750767807
chr2	238763337	238763770	434	7				39.950058263819
chr13	106467248	106467561	314	7				-39.9499414384254
chr3	194324073	194324161	89	9				-39.9196263204391
chr3	172222548	172222815	268	8				-39.8823496468778
chr3	128563524	128563827	304	6				-39.7918483097608
chr15	26882628	26882796	169	8				-39.6326081041664
chr17	30271110	30271426	317	6				-39.6323584129697
chr18	63143369	63143582	214	8				-39.5515544370109
chr10	86065723	86066263	541	8				39.4073685573204
chr6	1665970	1666223	254	8				-39.3859417580259
chr10	127402828	127403136	309	7				-39.3399283739904
chr10	131380211	131380485	275	7				39.306186328204
chr16	20016206	20016571	366	8				39.2074881105686
chr20	60455396	60455664	269	8				-39.1641674386305
chr2	65278294	65278623	330	8				-38.9242499589026
chr7	16678732	16678992	261	7				-38.8369115274941
chr9	132434658	132434908	251	8				38.8094767056926
chr2	150470076	150470337	262	8				-38.7609563495029
chr1	33898975	33899177	203	8				-38.6888501207035
chr2	169293957	169294208	252	8				-38.6358060234213
chr2	109700398	109700824	427	8				-38.6338485989254
chr8	140057893	140058077	185	8				-38.5861108274024
chr3	130200802	130201110	309	7				-38.5260538655869
chr10	15868098	15868266	169	5				-38.5106297092916
chr9	735015	735488	474	7				-38.3738978242454
chr6	50846956	50847165	210	8				38.346609625169
chr13	78383218	78383902	685	6				-38.3093468770183
chr7	20794665	20794811	147	8				-38.2720827598728
chr6	170184291	170184573	283	7				-38.2661726711014
chr4	15148251	15148479	229	8				-38.2414130245751
chr4	20676868	20677191	324	7				-38.1827624606495
chr8	61313889	61314099	211	8				-38.158394440898
chr7	20334652	20335664	1013	6				-38.0363883700963
chr18	77924441	77924717	277	8				-38.0186228161212
chrX	1077758	1077868	111	8				-37.9315426392616
chr16	8380124	8380552	429	7				37.8814436491053
chr7	136137044	136137338	295	6				-37.8309623600438
chr6	92208585	92208830	246	6				37.5806217507908
chr3	11168548	11168657	110	8				-37.4009014119911
chr20	57088306	57088620	315	7				37.3937267244321
chr20	61092338	61092497	160	7				-37.182997146763
chr14	55760932	55761224	293	8				-37.1673709907712
chr3	190545860	190546166	307	7				-37.1290264980744
chr3	86979027	86980406	1380	6				-37.11314731509
chr6	79334847	79335555	709	6				37.0881873948879
chr16	5287920	5288291	372	7				-36.6040252643554
chr3	157631572	157631745	174	7				-36.3709638467427
chr16	73170925	73171008	84	8				-36.2593288884157
chr6	168280531	168280728	198	7				-36.1077594373347
chr8	18556111	18556305	195	7				-36.1000149740078
chr10	49278734	49279140	407	5				36.0704974836979
chr1	221788352	221788756	405	7				36.033961998926
chr4	4058997	4059368	372	7				-36.0104984093767
chr1	25567777	25567884	108	7				-35.9950722778825
chr1	66351434	66352374	941	6				-35.8562475784582
chr3	174439465	174439761	297	7				35.6927104015911
chr8	124143096	124143305	210	7				-35.5985289427621
chr17	59373103	59373534	432	7				-35.5670610136098
chr13	110371692	110371851	160	8				-35.529899988081
chr13	94859373	94859507	135	7				-35.5202581751818
chr6	121048335	121048872	538	7				-35.4888669498302
chr6	155122705	155123394	690	7				-35.4532010762575
chr4	77367626	77368050	425	6				-35.2347883949464
chr8	384904	385127	224	6				35.1672216573413
chr10	8614892	8615249	358	6				-35.0139093757575
chr1	81308056	81308506	451	6				-34.8581897689123
chr22	49370650	49370847	198	7				-34.7792321254138
chr17	36059638	36060019	382	6				-34.4755494225732
chr2	177711644	177712091	448	7				-34.4583276334773
chr5	14160175	14160466	292	6				-34.2529523032605
chr6	37542130	37542504	375	7				-34.1615930541629
chr1	245645968	245646218	251	7				-34.13937660015
chr14	81412671	81412908	238	5				-34.0655112127913
chr18	11850199	11850400	202	7				-33.9982971807216
chr18	463524	463701	178	7				-33.828409093128
chr6	137340779	137340883	105	4				-33.8122663760728
chr20	23086490	23086602	113	7				-33.727745573277
chr6	83429786	83430083	298	7				-33.6999509820723
chr14	20289646	20290110	465	6				-33.6515419551534
chr4	81784113	81784252	140	7				-33.6022943981871
chr3	62377634	62377899	266	7				-33.4495899932146
chr1	222892179	222892633	455	6				-33.4044041230085
chr15	100663296	100663533	238	6				33.4014423831698
chr1	98387865	98388189	325	6				33.3727996862964
chr13	110392286	110392510	225	7				-33.3202472470055
chr8	18286829	18287055	227	7				33.27867967186
chr9	126337865	126337964	100	7				-33.2679077401135
chr10	21507688	21507940	253	7				-33.2531944350585
chr9	73160922	73161385	464	6				-33.2030587725646
chr2	165892710	165892813	104	6				-33.1596497744179
chr8	143895566	143895811	246	6				33.104767080147
chr3	75948507	75948670	164	4				-33.0146105956932
chr3	168828223	168828480	258	5				-32.9587627518761
chr3	60330024	60330434	411	6				-32.9219091002682
chr6	157097395	157097539	145	7				32.9095218017394
chrX	40654801	40655011	211	7				-32.8998202104135
chr17	77717996	77718286	291	6				32.8185667609578
chr1	33667763	33667916	154	7				-32.8082324336867
chr21	31583454	31583769	316	6				-32.7984035433946
chr5	9543252	9543457	206	7				-32.7772905555938
chr4	155674714	155674970	257	5				-32.776976925332
chr11	12441446	12441766	321	6				32.7351733873943
chr17	78081831	78082240	410	7				-32.6601121774078
chr6	137345828	137346109	282	6				-32.6176309720751
chr8	13095648	13096114	467	6				-32.5098751151039
chr1	197606223	197606684	462	6				32.509274161308
chr6	16768940	16769189	250	6				-32.4358969695201
chr8	76460385	76460987	603	6				-32.4311155319751
chr11	71689278	71689368	91	6				-32.2715833646246
chr11	118471948	118472217	270	6				32.2500597139876
chr14	49946842	49947051	210	6				32.1144590544202
chr1	25993355	25993469	115	7				-32.0522648964177
chr1	82426098	82426232	135	5				-31.9213593419353
chr1	222970154	222970398	245	6				-31.7895628419865
chr4	22373538	22373768	231	6				-31.6586565974793
chr18	25456738	25456893	156	6				-31.6437499154746
chr21	32807941	32808094	154	5				31.6267795348045
chr10	13085231	13085525	295	6				-31.3664156960527
chr1	184027945	184028183	239	5				31.3077517419345
chr5	54664368	54664708	341	6				-31.2921337993695
chr3	56001257	56001590	334	4				31.2898788020666
chr11	83896215	83896586	372	6				-31.1639915640687
chr1	97304251	97304409	159	6				31.1460862371416
chr6	144840906	144841318	413	6				-31.1397137917269
chr18	9811082	9811186	105	6				-31.1373675886409
chr2	44926292	44926917	626	6				-31.1175026112684
chr16	27883583	27883802	220	4				30.9403604476783
chr19	30791376	30791606	231	6				-30.9128214782773
chr1	59697295	59697677	383	6				-30.8974381264322
chr3	141070659	141070869	211	6				-30.8825142028976
chr8	29778076	29778395	320	6				30.8627884009715
chr5	94461295	94461668	374	5				-30.8583197188268
chr22	44134104	44134322	219	6				-30.8168516578734
chr5	158773619	158773936	318	5				30.7594810943065
chr10	11708122	11708303	182	6				-30.7490200002992
chr5	159206133	159206282	150	6				30.5809420909044
chr2	16561441	16561556	116	6				-30.5472420965554
chr12	93972695	93973103	409	6				30.5447508621583
chr4	123404859	123405606	748	6				30.5423225095446
chr13	52932687	52932963	277	5				-30.5219316323759
chr7	25385299	25385352	54	6				30.470947063726
chr9	84863225	84863617	393	5				-30.460185538078
chr11	83665683	83665949	267	6				-30.4245354344389
chr15	95940593	95940764	172	6				-30.3935743924716
chr2	74044601	74044727	127	6				-30.3786559583866
chr18	40926639	40927069	431	6				30.3119804558916
chr18	42242935	42243176	242	6				-30.2860269554358
chr7	604552	604626	75	7				-30.2336440910741
chr3	96299933	96300515	583	6				-30.2037158529656
chr2	64931808	64932047	240	6				30.1568857201658
chr3	161819606	161819660	55	6				-29.906150705174
chr1	239310645	239311251	607	6				-29.8760828808916
chr7	93923360	93923519	160	5				-29.8637051223688
chr9	86676056	86676290	235	6				29.7607702893116
chr8	71227489	71228183	695	6				-29.7465455126909
chr1	227429819	227430017	199	6				-29.6204693384144
chr14	48565261	48565975	715	5				-29.5571588472511
chr13	50128660	50128779	120	6				-29.5287247446573
chr12	105736108	105736292	185	6				-29.512678558543
chr5	107651439	107651638	200	6				-29.4289197381919
chr17	78824799	78824977	179	6				-29.4160341620143
chr2	136114498	136114633	136	6				-29.3840577613067
chr17	68564004	68564157	154	5				-29.3381975713568
chr9	88993690	88993975	286	6				-29.3339200747389
chr6	138560179	138560444	266	6				-29.2951871938917
chr2	231334476	231334742	267	6				-29.2922830055132
chr5	84113164	84113908	745	6				29.2751235887744
chr13	87186956	87187340	385	6				-29.2272954111803
chr9	31446184	31446362	179	5				-29.2188773769347
chr17	37109961	37110193	233	6				29.2135659311698
chr5	130635824	130636185	362	5				-29.2053431632162
chr3	179464866	179465042	177	6				-29.1821534082646
chr6	89268907	89269148	242	6				-29.1676784827343
chr9	38533597	38533774	178	5				-29.142974658584
chr11	125980567	125980731	165	6				-29.1359473332193
chr12	78951804	78951962	159	6				29.1241689251086
chr2	26339714	26339977	264	5				29.0944490922772
chr11	31821090	31821567	478	5				-29.0447439655076
chr4	10102627	10102786	160	6				-29.0380023008332
chr9	120084950	120085300	351	5				-28.9737522382082
chr7	151731042	151731257	216	6				28.9725535290274
chr5	102713799	102714012	214	6				-28.9434712855955
chr5	54646372	54646479	108	6				-28.9273627375308
chr9	5935227	5935514	288	5				-28.8965855897952
chr11	11733426	11733584	159	6				-28.8843137658273
chr1	242634921	242635194	274	6				-28.7832810564768
chr2	180987052	180987632	581	5				-28.6759553121373
chr9	963256	963410	155	6				28.6291126056969
chr20	21978098	21978368	271	5				-28.6180079089655
chr2	4863568	4863793	226	4				-28.5908470779329
chr10	4023567	4023729	163	6				-28.5695112356314
chr5	18713258	18713444	187	5				-28.4858395453227
chr8	27595380	27595534	155	6				-28.3761701876126
chr3	79100509	79100790	282	5				28.3565766454324
chr7	66678926	66679266	341	6				-28.3519088595701
chr2	180523812	180524215	404	6				-28.3518100632855
chr1	100423876	100424117	242	6				-28.3169614813749
chr18	7289865	7290325	461	5				28.2973491645104
chr2	104656975	104657096	122	6				-28.285909008556
chr17	6903425	6903683	259	6				28.27240221445
chr6	60737335	60737681	347	5				-28.2102367745915
chr21	21973420	21974237	818	6				-28.2090245646539
chr21	43591981	43592268	288	5				-28.0896341506453
chr5	175248522	175248802	281	5				-28.0339864013067
chr13	22884075	22884163	89	6				-28.0177955763802
chr6	138508060	138508335	276	6				-27.9909103438945
chr6	124008025	124008299	275	4				-27.9842970386418
chr10	36002801	36003014	214	6				-27.9798515805389
chr11	86713769	86713901	133	5				27.8899518142767
chr21	33101476	33101530	55	6				-27.8739432091436
chr8	6420897	6421072	176	6				-27.866126871339
chr8	1468888	1469125	238	6				-27.864741009124
chr5	2588442	2588605	164	6				-27.8586908293842
chr21	32521007	32521136	130	6				27.8053888369813
chr19	53658123	53658352	230	6				-27.7803045860358
chr1	76778975	76779391	417	5				27.7161076773483
chr2	27809292	27809678	387	5				27.6615126118232
chr8	143060640	143060771	132	6				-27.5594550130401
chr11	44421477	44421636	160	6				27.5508538985207
chr19	32824960	32825071	112	6				-27.5262215968944
chr21	38503532	38503732	201	6				-27.5021973461156
chrX	1923576	1923736	161	6				-27.4827579937738
chr5	52078813	52079201	389	5				-27.4646407145773
chr12	123945425	123945505	81	6				-27.4617329185233
chr8	48682958	48683072	115	6				-27.4391300958262
chr6	88164570	88165198	629	5				-27.3698521094696
chr2	219966243	219966546	304	5				-27.3689078395482
chr20	41728964	41729150	187	6				-27.3575460915504
chr16	8582126	8582424	299	5				-27.3085213321471
chr2	112078673	112078947	275	5				27.2681448988907
chr18	53711080	53711587	508	4				-27.2569557688579
chr14	26043899	26044151	253	5				-27.2405933332446
chr19	34870891	34871208	318	5				27.1763306971546
chr5	171843605	171843753	149	6				27.1355833329299
chr12	95156361	95156537	177	6				-27.1298413875766
chr2	129480055	129480239	185	6				-27.0600118658892
chr16	89377131	89377206	76	5				-27.0455828803239
chr7	131218588	131218882	295	5				-26.9965446600575
chrX	33961911	33962360	450	5				-26.9920602129076
chr6	158301493	158301719	227	5				26.985915787988
chr1	56849757	56850004	248	6				26.9511739661539
chr10	104515006	104515169	164	4				26.950170179163
chr1	240686604	240686962	359	5				26.9214518648842
chr1	206421660	206421779	120	5				26.9048812335804
chr5	155884145	155884384	240	5				26.8874428630369
chr12	108972215	108972445	231	5				-26.8636429963319
chr6	28001845	28001962	118	5				-26.7710507059789
chr1	76100942	76101469	528	5				-26.7637775670869
chr14	88149893	88150111	219	5				26.7530063775902
chr6	145640148	145640531	384	5				-26.72451392359
chr15	100059269	100059358	90	5				-26.5828428525501
chr2	65088588	65088773	186	5				26.5814726246066
chr10	13865908	13866038	131	5				-26.5763113439232
chr6	50840197	50840273	77	6				26.569717508978
chr9	114054409	114054545	137	5				-26.5381218973215
chr3	56633749	56633908	160	5				26.5309174296633
chr20	1972100	1972370	271	5				26.512419451532
chr17	31584074	31584243	170	5				-26.5112887987978
chr11	113062380	113062466	87	5				-26.4706188325071
chr11	40999125	40999575	451	5				-26.4398013673216
chr9	66198909	66199089	181	5				-26.4253378041973
chr10	25820960	25821141	182	5				26.3899532308014
chr10	94251866	94252352	487	5				-26.3671169065506
chr2	188976652	188976966	315	5				-26.2827976284035
chr8	19871862	19872135	274	5				-26.2818466712328
chr7	24569583	24570043	461	5				26.2203359090524
chr3	335478	335660	183	5				26.2049081284682
chr4	109088657	109088948	292	5				-26.184411028439
chr1	32031980	32032188	209	5				26.1073019709672
chr5	38264056	38264325	270	5				-26.0746960991551
chr16	13102703	13102942	240	5				26.0667033826202
chr4	185717449	185717525	77	6				-26.052600004953
chr6	55871452	55872700	1249	4				-26.0292052915792
chr8	35503773	35504145	373	5				26.0123851032787
chr15	86645843	86646109	267	5				-25.9244852106153
chr10	113303631	113303894	264	5				-25.9075590796033
chr13	82412815	82413050	236	5				-25.8797650800592
chr13	80276936	80277269	334	5				25.787503249535
chr7	67123513	67123818	306	5				-25.7745851083087
chr10	46052254	46052665	412	5				25.7355443122875
chr12	43674729	43674902	174	5				-25.6741432824074
chr8	28589787	28590051	265	5				25.6603811835732
chr8	65143180	65143457	278	5				-25.6465305858206
chr11	60071542	60071799	258	5				25.6430808922137
chr11	112294973	112295375	403	5				25.6313665038761
chr22	48257417	48257638	222	5				-25.5705784535104
chr10	82020994	82021279	286	5				-25.5536407255944
chr4	139986156	139986369	214	5				-25.5216639140573
chr2	165685482	165686269	788	4				-25.5029033098196
chr13	92512959	92513130	172	5				-25.4840767112996
chr12	75116713	75116987	275	4				25.4628487276555
chr2	148953513	148953761	249	5				25.4355305093315
chr7	93142959	93143206	248	5				-25.435196353949
chr3	668099	668350	252	5				25.3672536579924
chr2	219722348	219722491	144	5				-25.3626290770335
chr5	83941106	83941245	140	4				-25.3562034204282
chr16	19901263	19901477	215	5				25.3009003641101
chr7	71390216	71390346	131	5				25.2960055455486
chr12	131605381	131605512	132	5				-25.2141765170538
chr8	5500241	5500589	349	5				-25.1967380387928
chr3	86783827	86784084	258	5				-25.0851481000874
chr8	138224386	138224523	138	5				-25.0441646967809
chr2	105584254	105584610	357	5				-25.0427615244854
chr9	113502018	113502586	569	5				-25.0394423657069
chr4	98801172	98801416	245	5				24.9791019249904
chr12	15329095	15329360	266	5				-24.9439112578415
chr10	127849829	127850072	244	5				24.9090034281558
chr3	120573784	120573874	91	5				-24.8920764966438
chrX	476388	476447	60	5				-24.8538911281005
chr5	158979492	158979596	105	4				-24.8469087823611
chr20	14915231	14915508	278	5				24.8269060836649
chr2	120610040	120610114	75	5				-24.8114931813161
chr18	68818276	68818664	389	5				-24.7561080194933
chr1	61156399	61156774	376	5				24.714928043196
chr13	53507864	53507989	126	4				-24.7093967269688
chr16	56777664	56777797	134	5				24.7081385782639
chr13	109672824	109673048	225	5				24.6510216417639
chr2	9961387	9961472	86	5				-24.6441543005646
chr17	67700193	67700397	205	5				24.6406334965216
chr7	5270912	5271051	140	4				24.5804434338713
chr13	75173760	75173901	142	5				-24.5681656311802
chr17	15591991	15592247	257	5				24.5400136578981
chr5	36717589	36717935	347	5				24.5338848048854
chr9	79764142	79764313	172	5				24.5059988074356
chr13	23382037	23382223	187	5				24.4941513972696
chr19	34557425	34557589	165	5				24.4926572176526
chr5	68068472	68068632	161	5				24.4862612453893
chr2	63993576	63993774	199	5				24.4741562469553
chr1	64634071	64634228	158	5				-24.4667849299832
chr8	140663015	140663212	198	5				-24.4499436349723
chr6	163250308	163250555	248	5				-24.3813935553788
chr5	2607758	2607916	159	5				-24.3657555006059
chr8	40900272	40900592	321	4				-24.3599439218717
chr6	163341105	163341368	264	5				-24.3282083478785
chr6	151375052	151375170	119	5				-24.327323465879
chr8	94418573	94418723	151	5				-24.3171092634328
chr2	130195426	130195527	102	4				-24.3169803756529
chr5	18944921	18945130	210	5				-24.2830731002571
chr8	91831782	91832202	421	4				24.2497573581058
chr8	95499052	95499429	378	5				24.2482293691821
chr5	133360816	133360914	99	5				24.2156514854902
chr3	182482837	182483103	267	5				24.175158200948
chr10	100816742	100816950	209	5				24.1724642512848
chr1	181491136	181491287	152	4				-24.1642479847489
chr2	102893401	102893662	262	5				24.1515807317354
chr1	231986812	231987098	287	5				-24.1362609906701
chr2	44930713	44930979	267	5				-24.0994086615632
chr16	71067445	71067695	251	4				-24.0910105173977
chr1	229707379	229707752	374	4				-24.0050655635011
chr2	39515693	39516044	352	5				-23.968001097924
chr2	44333404	44333601	198	5				23.9678303629751
chr8	74825501	74825621	121	4				-23.9658862399074
chr7	53022702	53023039	338	5				23.9521493750459
chr12	123945202	123945334	133	5				-23.9286435657104
chr7	31935519	31935757	239	5				-23.9173994437412
chr7	116193500	116193739	240	5				23.8694566998849
chr15	101128454	101128709	256	5				23.8573174703789
chr10	104420144	104420378	235	5				23.8535337856804
chr4	40672637	40672819	183	5				23.8462503639818
chr12	104599427	104599598	172	5				-23.8380950717715
chr9	89021974	89022125	152	5				-23.804843367082
chr20	17282417	17282745	329	4				23.7848497739164
chr10	9499229	9499470	242	4				-23.7795711907935
chr14	70458640	70458976	337	5				-23.7629019651319
chr2	16252384	16252465	82	5				-23.7532368188324
chr12	118881328	118881574	247	4				-23.7151712312684
chr3	172749388	172749537	150	5				23.7117647209391
chr12	60993247	60993373	127	4				23.7061651689464
chr1	87956293	87956519	227	4				23.702328994124
chr1	76154650	76154886	237	5				23.6913996699608
chr11	35180139	35180309	171	5				-23.6813547010319
chr8	2195358	2195614	257	5				-23.6782955967835
chr4	4939665	4939912	248	5				-23.6663297125573
chr11	107678525	107678699	175	5				-23.6583873530315
chr6	138543860	138544113	254	5				-23.6529735581787
chr5	7070609	7070759	151	4				-23.6481124338918
chr8	71591517	71591900	384	5				-23.6329397677991
chr9	85262699	85262886	188	4				-23.6144297267791
chr3	69613307	69613587	281	5				23.612754841264
chr7	103522047	103522120	74	5				-23.6074974100951
chr6	31087193	31087302	110	5				-23.5549581214834
chr8	24351356	24351543	188	5				-23.553518928344
chr10	88789617	88789883	267	5				-23.4961532249826
chr4	86387100	86387273	174	5				-23.434949286018
chr9	118594440	118594510	71	4				23.4161642261815
chr19	13452827	13452879	53	5				23.4071964131042
chr2	44930528	44930652	125	5				-23.3934686603631
chr13	44820697	44820879	183	5				23.3923755364903
chr12	130101125	130101306	182	5				-23.3789743343025
chr4	144587652	144587794	143	4				-23.2686897765162
chr16	86912406	86912539	134	4				-23.2499281615136
chr10	10198861	10199065	205	4				-23.2480587682865
chr2	194346974	194347079	106	4				-23.2453558369581
chr9	72049075	72049128	54	5				-23.2343993847861
chr20	10522537	10522774	238	5				-23.2293199660812
chr1	145616728	145616885	158	5				-23.2076065039062
chr14	101062148	101062233	86	5				-23.1962760405565
chr2	103241608	103241879	272	4				23.12626817962
chr16	23674213	23674268	56	5				23.0621489380812
chr10	21169411	21169985	575	5				-23.0342920197477
chr8	40901293	40901525	233	4				-23.0079071282979
chr9	91900288	91900364	77	5				-22.9758598018731
chr1	66356214	66356539	326	5				-22.9335590088203
chr5	167575468	167575775	308	5				-22.9131723055316
chr5	58924425	58924654	230	5				22.8646377449239
chr16	19239563	19239706	144	5				22.8582931992476
chr2	128970897	128970994	98	5				-22.8548039447128
chr8	80658478	80658789	312	4				-22.8479249944097
chr9	111828227	111828352	126	4				-22.8425123677154
chr2	175609176	175609364	189	5				-22.8409178635999
chr13	110287543	110287680	138	5				-22.8377302348358
chr16	7828579	7828910	332	4				-22.7919513895972
chr3	47294980	47295227	248	5				22.7696999539113
chr4	116011030	116011207	178	4				-22.7382327885605
chr3	155648412	155648578	167	5				-22.6850445925739
chr3	16443624	16443679	56	5				22.6769911891769
chr3	1463194	1463770	577	4				-22.6379285376905
chr16	5159641	5159789	149	4				22.5897293061138
chr5	107668522	107668741	220	4				-22.5853472392992
chr5	9442892	9443185	294	4				-22.5831295823074
chr3	168214103	168214239	137	4				-22.5772384180892
chr3	139229252	139229353	102	5				-22.5531053187699
chr3	43388267	43388479	213	4				-22.5314495999772
chr5	135112063	135112469	407	5				22.514187200721
chr1	205449151	205449294	144	4				22.4816272233627
chr7	110295827	110295966	140	4				-22.4652724584037
chr13	77675642	77675842	201	5				-22.446759412679
chr1	205082498	205082653	156	4				22.4108816126139
chr1	13733480	13733719	240	4				-22.3915731695091
chr15	58053468	58053979	512	4				22.3547257023713
chr17	59297010	59297135	126	4				22.3537521506502
chr8	73490178	73490283	106	5				-22.3405554492279
chr4	44842701	44842908	208	4				-22.3401839442515
chr17	59194429	59194603	175	4				22.2817229453559
chr12	104599255	104599370	116	5				-22.2659553536561
chr19	52176536	52176613	78	5				-22.2506163042429
chr1	55032914	55033126	213	4				22.2309665666583
chr6	154042039	154042231	193	4				22.2176457583603
chr15	91635304	91635558	255	4				-22.1881300561363
chr8	53511038	53511366	329	4				-22.0305750733414
chr6	165126144	165126311	168	4				-22.005486099626
chr6	69642089	69642392	304	4				21.9105146030386
chr2	1306196	1306274	79	4				-21.8489985716906
chr8	90452400	90452755	356	4				-21.8369949720504
chr1	171143012	171143263	252	4				21.836572953452
chr9	8155760	8156088	329	4				-21.7351844307329
chr22	34753914	34754193	280	4				21.7237788920299
chr4	147492891	147493007	117	4				-21.6766387351918
chr2	44616027	44616323	297	4				-21.6187134178894
chr7	92504744	92504990	247	4				-21.6057173727249
chr12	105622435	105622836	402	4				21.5909918179949
chr2	186408717	186409006	290	4				21.5836506880556
chr15	79770065	79770298	234	4				21.567758248002
chr3	177131017	177131194	178	4				-21.5134497685338
chr2	126402086	126402343	258	4				-21.5060996709775
chr1	213892214	213892428	215	4				21.4947473978237
chr11	105153525	105153689	165	4				-21.459831654616
chr4	89198130	89198404	275	4				21.4303347302233
chr6	62013678	62013824	147	4				-21.416315445097
chr1	176437097	176437211	115	4				-21.4022983232654
chr2	180985281	180985943	663	4				-21.3882303140506
chr6	104576028	104576251	224	4				-21.3628100179976
chr15	98127673	98127913	241	4				-21.3175205847546
chr4	185783630	185783828	199	4				-21.2764458502491
chr9	700399	700561	163	4				21.2628755015901
chr13	105196189	105196376	188	4				-21.2576882457647
chr11	46952332	46952503	172	4				21.2535323486955
chr5	17918251	17918789	539	4				-21.2391588627141
chr5	101364589	101364688	100	4				-21.2097985350479
chr8	109229268	109229676	409	4				21.2030492570822
chr4	178595815	178596089	275	4				-21.1902354030921
chr6	130632741	130632897	157	4				-21.1640567900379
chr5	78103364	78103499	136	4				-21.1618469690402
chr8	71760605	71760865	261	4				21.1214459200932
chr14	47468210	47468350	141	4				21.0991207020849
chr6	84263647	84263804	158	4				-21.0750119363681
chr11	92524648	92524834	187	4				-21.0687385426152
chr19	47004366	47004423	58	4				-21.0374842189116
chr5	6115872	6115935	64	4				-21.0102026024222
chr2	196726055	196726522	468	4				20.9971753364371
chr8	125439886	125440087	202	4				20.96141406894
chr16	79137299	79137546	248	4				-20.9581227007928
chr5	144751841	144751993	153	4				-20.9050520581424
chr2	129712111	129712270	160	4				-20.8247478953118
chr1	4911091	4911254	164	4				-20.8132212873541
chr5	95401622	95402630	1009	4				-20.7930268237512
chr7	155507942	155508207	266	4				20.7860100174747
chr1	61957580	61957903	324	4				-20.7408534801367
chr15	61635162	61635586	425	4				20.7046223241185
chr1	244766929	244767241	313	4				20.6989053162425
chr2	109549149	109549535	387	4				-20.6812344093876
chr7	117226225	117226400	176	4				-20.6811663473227
chr21	15407609	15407780	172	4				-20.6584136632491
chr20	33278285	33278375	91	4				20.6512746320271
chr2	150586958	150587595	638	4				-20.6491931769999
chr14	95656783	95657002	220	4				-20.6157361475916
chr14	71482401	71482594	194	4				20.6000150557659
chr5	93821104	93821273	170	4				-20.5750139138168
chr11	103468330	103468664	335	4				-20.5128711756704
chr3	35759996	35760207	212	4				-20.4733819557306
chr4	45588216	45588407	192	4				-20.4337956636429
chr8	124197866	124197971	106	4				-20.432043559926
chr13	72473433	72473743	311	4				-20.4247467585954
chr6	112202819	112202909	91	4				-20.4247168142106
chr11	107172718	107173033	316	4				-20.3618496000119
chr5	2112091	2112147	57	4				20.3529943787598
chr14	64623691	64623822	132	4				20.3361523801542
chr8	97190836	97190953	118	4				-20.3118286077907
chr5	107380725	107380856	132	4				-20.2913128962463
chr11	123257581	123257800	220	4				-20.2635159534403
chr10	24770501	24770760	260	4				-20.2573822809266
chr20	22367055	22367324	270	4				-20.2511466193394
chr21	16134096	16134339	244	4				20.2301776067195
chr6	168280305	168280466	162	4				-20.2241009826203
chr3	84132649	84133102	454	4				20.2009820282756
chr17	14078618	14078688	71	4				-20.198046022503
chr3	171194516	171194600	85	4				20.192329390884
chr4	53956090	53956322	233	4				-20.1847599909678
chr20	17025214	17025279	66	4				-20.1772497908268
chrX	32373966	32374125	160	4				20.1664499086752
chr1	74365748	74366073	326	4				20.1407771276557
chr5	88089991	88090140	150	4				-20.1265905024255
chr5	66440154	66440314	161	4				-20.1083540600127
chr12	109444354	109444483	130	4				-20.0976025654448
chr13	97744060	97744452	393	4				-20.0926041417038
chr4	54409599	54409717	119	4				-20.0709510188845
chr13	107198423	107198642	220	4				20.0549337269797
chr5	27702664	27702840	177	4				20.0468725240462
chr10	7997707	7997901	195	4				20.0204524255414
chr15	38736820	38737054	235	4				-20.0003121781116
chr7	148400173	148400281	109	4				-19.9913807723675
chr3	146626465	146626623	159	4				-19.9601245890119
chr10	49082430	49082607	178	4				-19.9369282813479
chr3	8313839	8313963	125	4				-19.9253887861532
chr12	104656629	104656736	108	4				-19.8987938393554
chr3	40593665	40593879	215	4				19.889007514064
chrX	86771656	86771785	130	4				-19.8721637269999
chr18	11849873	11850148	276	4				-19.8445634773769
chr2	57598583	57598830	248	4				-19.8334841454957
chr3	68286819	68287004	186	4				-19.8303184080553
chr4	158524246	158524459	214	4				19.8262286870728
chr17	70104775	70104848	74	4				-19.8185771682816
chr14	32761409	32761751	343	4				19.8153448997929
chr18	55166438	55166549	112	4				19.8070424812026
chr2	224958253	224958373	121	4				19.7945370723036
chr14	25350010	25350134	125	4				-19.7879130503674
chr3	161524279	161524576	298	4				19.7741997349573
chr5	34510153	34510301	149	4				-19.774079680383
chr18	62604887	62605161	275	4				-19.7611996797646
chr2	39922647	39922877	231	4				-19.7597421441414
chr6	163809533	163809609	77	4				-19.7589275119423
chr1	20711918	20712026	109	4				-19.7506118202564
chr5	51574009	51574216	208	4				19.7267814508113
chr6	55671671	55672566	896	4				-19.7128559364222
chr6	136193469	136193575	107	4				-19.7076304552495
chr3	31319730	31319909	180	4				19.6995603373257
chr19	13605550	13605655	106	4				19.6359632708717
chr16	48968674	48968900	227	4				-19.631184781898
chr6	137430886	137431265	380	4				-19.6148850407214
chr8	67587043	67587138	96	4				19.5822216376637
chr5	123755757	123756088	332	4				-19.5559268937833
chr4	142352027	142352214	188	4				19.5390661273038
chr5	162948869	162948985	117	4				-19.5363991295119
chr16	7233670	7233896	227	4				-19.5240066624293
chr12	112602695	112602784	90	4				19.5112422234884
chr6	50840506	50840668	163	4				19.4996662981163
chr21	15359356	15359451	96	4				-19.497677912731
chr1	208045085	208045151	67	4				19.476593347601
chr9	30917048	30917196	149	4				-19.4528876500218
chr5	76867042	76867245	204	4				-19.4402660479133
chr22	44595821	44595925	105	4				-19.4018623327468
chr13	112956525	112956620	96	4				-19.3993540233811
chr15	55982194	55982409	216	4				-19.3813365427888
chr9	126520116	126520179	64	4				-19.3638139473118
chr3	73073339	73073698	360	4				19.3635051203916
chr3	165502252	165502382	131	4				19.3428491207242
chr3	78366561	78366774	214	4				-19.3247887458351
chr8	74825268	74825345	78	4				-19.3169229743731
chr9	975544	975626	83	4				-19.2936090643483
chr2	149125041	149125259	219	4				19.2863875403712
chr12	23599323	23599489	167	4				-19.2810538312988
chr20	25864766	25864853	88	4				-19.2721073892058
chr6	131129782	131130031	250	4				-19.2283015346914
chr5	72495572	72495676	105	4				-19.2208874898367
chr5	174234385	174234442	58	4				-19.2164736459093
chr3	71104117	71104175	59	4				-19.2159951779877
chr19	50781009	50781165	157	4				-19.2080110200917
chr12	75041418	75041781	364	4				-19.1715387043134
chr6	29798059	29798285	227	4				19.1584275709655
chr13	52894617	52894856	240	4				-19.1579734968329
chr21	19993303	19993464	162	4				-19.1356115568042
chr17	70641692	70642111	420	4				-19.1101146902799
chr3	150549742	150549944	203	4				-19.0965586921422
chr13	65725003	65725187	185	4				-19.0816291225386
chr7	45191082	45191319	238	4				-19.0770120592484
chr19	54224118	54224223	106	4				-19.0749643137302
chr20	30731845	30732078	234	4				-19.074176683795
chr21	20399365	20399500	136	4				19.0649596103694
chr18	54416441	54416986	546	4				19.057160994765
chr3	63766836	63767268	433	4				-19.04210296449
chr13	114130405	114130549	145	4				-19.0413509947047
chr9	1320175	1320414	240	4				-19.0303221297102
chr16	7344788	7344917	130	4				-19.0056757846038
chr18	68595501	68595643	143	4				-19.0004281807076
chr3	24770453	24770537	85	4				-18.9993245411809
chr5	80625028	80625225	198	4				18.9671720879308
chr20	24359408	24359594	187	4				-18.9668053246408
chr17	54906875	54906945	71	4				-18.9623299539742
chr12	43289504	43289603	100	4				18.9416263780853
chr10	34169638	34169790	153	4				-18.9340924804749
chr15	36921700	36921886	187	4				-18.9335165586599
chr2	184406983	184407106	124	4				-18.8821008774038
chr4	119532717	119532938	222	4				-18.8480475160211
chr1	233094864	233095111	248	4				18.8444245040964
chr15	46764859	46765029	171	4				-18.8424869773516
chr7	148588798	148588907	110	4				-18.8250705591622
chr5	114104927	114105109	183	4				18.8048566584222
chr16	55391504	55391685	182	4				-18.801705054905
chr7	604867	604962	96	4				-18.7830900362092
chr13	51105097	51105405	309	4				-18.7768049164959
chr4	163611371	163611689	319	4				-18.7638354339372
chr10	47174140	47174375	236	4				-18.7546557401078
chr8	8459041	8459179	139	4				18.7265113207101
chr2	6674314	6674538	225	4				18.7224125532219
chr2	213714794	213715005	212	4				18.7211034248312
chr2	125070931	125071445	515	4				18.7147847593121
chr17	71824716	71824883	168	4				-18.7097308941791
chr11	27460992	27461301	310	4				-18.7081964246342
chrX	12825892	12826092	201	4				-18.7020718452987
chr18	61529295	61529465	171	4				-18.6871311475499
chr7	9938871	9939116	246	4				-18.6761687356003
chr5	100789814	100790058	245	4				-18.6752051748113
chr3	111074148	111074530	383	4				-18.6654427210475
chr3	127384783	127384869	87	4				-18.6573446564661
chr4	122224502	122224621	120	4				-18.6562984219154
chr17	56765958	56766030	73	4				-18.6420168166993
chr8	119673146	119673248	103	4				-18.6287390824357
chr6	1885528	1885677	150	4				-18.625706792936
chr17	72392778	72392875	98	4				-18.6105914698278
chr1	160402669	160403116	448	4				-18.6051746512942
chr1	91846073	91846212	140	4				18.5756861003099
chr15	100471548	100471638	91	4				18.563836950394
chr11	82720766	82720852	87	4				-18.5587382116001
chr14	56795505	56795621	117	4				-18.5453522556644
chr9	88234470	88234633	164	4				-18.5410613978935
chr15	61619964	61620186	223	4				-18.5218890683273
chr7	47507573	47507634	62	4				-18.5200838049091
chr10	99994287	99994431	145	4				-18.5025872109232
chr10	8758072	8758283	212	4				18.5005342350676
chr3	38634163	38634225	63	4				-18.4979550995718
chr14	70576644	70577074	431	4				18.4966659291013
chr2	152381257	152381362	106	4				-18.4928342393133
chr11	97038782	97039072	291	4				18.4921247629912
chr2	125837647	125837914	268	4				-18.4859999273205
chr2	198990432	198990666	235	4				18.4851221195265
chr1	166210308	166210502	195	4				18.4732535165748
chr6	8378593	8378795	203	4				-18.4670483029409
chr6	49175553	49175672	120	4				-18.4620796905261
chr6	151021771	151021879	109	4				-18.4546782366357
chr7	155492094	155492228	135	4				-18.4493753545001
chr10	91435433	91435751	319	4				-18.4490421575398
chr11	31820716	31820820	105	4				-18.4431084646134
chr20	23065265	23065325	61	4				-18.4395363598833
chr10	128453762	128453961	200	4				-18.4181578865645
chr11	35205869	35206069	201	4				-18.407289099919
chr6	12582392	12582705	314	4				-18.3965300575977
chr6	126091267	126091328	62	4				-18.3949512707343
chr16	61681810	61681926	117	4				18.3825116672706
chr11	70365163	70365230	68	4				-18.377238512558
chr2	49111958	49112344	387	4				-18.3502697322378
chr6	167834270	167834337	68	4				-18.3498072352321
chr15	88118242	88118312	71	4				-18.349755894436
chr16	84045208	84045327	120	4				18.3313584475482
chr6	148422246	148422388	143	4				18.3244411984109
chr20	61439780	61439862	83	4				-18.3140388676911
chr2	28650195	28650390	196	4				-18.3090948559326
chr19	52935585	52935669	85	4				18.2993327498119
chr7	139495484	139495655	172	4				-18.2704691025683
chr19	56229595	56229677	83	4				18.2513732432018
chr2	232975046	232975161	116	4				18.2506458177182
chr6	164150469	164150520	52	4				18.2310003170217
chr20	62584502	62584634	133	4				-18.2010838875234
chr16	86361636	86361766	131	4				-18.1953224144375
chr13	44270849	44270931	83	4				-18.150480121179
chr8	29627175	29627366	192	4				-18.1452523505861
chr10	35212543	35212602	60	4				-18.1450408938428
chr8	16859193	16859279	87	4				-18.1364486935817
chr4	19193331	19193479	149	4				-18.1277148531851
chr12	4433966	4434059	94	4				-18.126529855134
chr12	115994602	115994825	224	4				18.1185388140124
chr21	16212119	16212317	199	4				18.1094282296726
chr14	92487561	92487619	59	4				-18.026947279538
chr2	50067018	50067150	133	4				-18.0129229209619
chr1	217929328	217929421	94	4				-17.8801488994593
