tool	scenario	metric	pre_value	post_value	delta	fix_id
epykit_fisher	dmc_coverage	tpr	0.7588879443972198	0.7913895694784739	0.03250162508125409	P0-2b
epykit_fisher	dmc_coverage	f1	0.8628933678255678	0.8835235995199151	0.0206302316943473	P0-2b
epykit_fisher	dmc_coverage	auroc	0.9999468461316967	0.9999509169093534	4.070777656739466e-6	P0-2b
epykit_fisher	dmc_coverage	precision	0.9999341151666886	0.9999368208238565	2.7056571678674146e-6	P0-2b
epykit_fisher	dmc_coverage	tpr	0.863893194659733	0.8901945097254863	0.026301315065753283	P0-2b
epykit_fisher	dmc_coverage	f1	0.9269522762024841	0.9418829193450255	0.014930643142541444	P0-2b
epykit_fisher	dmc_coverage	auroc	0.9999468461316967	0.9999509169093534	4.070777656739466e-6	P0-2b
epykit_fisher	dmc_coverage	precision	0.9999421229308948	0.9999438328465513	1.7099156565114626e-6	P0-2b
epykit_fisher	dmc_coverage	tpr	0.9041952097604881	0.9257962898144907	0.02160108005400263	P0-2b
epykit_fisher	dmc_coverage	f1	0.949662579103537	0.9614435934051668	0.01178101430162981	P0-2b
epykit_fisher	dmc_coverage	auroc	0.9999468461316967	0.9999509169093534	4.070777656739466e-6	P0-2b
epykit_fisher	dmc_coverage	precision	0.999944702499447	0.9999459926550011	1.29015555405676e-6	P0-2b
epykit_fisher	dmc_coverage	tpr	0.9743987199359968	0.9816990849542477	0.007300365018250932	P0-2b
epykit_fisher	dmc_coverage	f1	0.9869833873581848	0.9907150426401574	0.0037316552819726123	P0-2b
epykit_fisher	dmc_coverage	auroc	0.9999468461316967	0.9999509169093534	4.070777656739466e-6	P0-2b
epykit_fisher	dmc_coverage	precision	0.9998973780081072	0.9998981410746116	7.630665044278118e-7	P0-2b
epykit_fisher	dmc_coverage	tpr	0.8989449472473624	0.9206460323016151	0.021701085054252722	P0-2b
epykit_fisher	dmc_coverage	f1	0.946758649744589	0.9586587524731854	0.011900102728596429	P0-2b
epykit_fisher	dmc_coverage	auroc	0.9999468461316967	0.9999509169093534	4.070777656739466e-6	P0-2b
epykit_fisher	dmc_coverage	precision	0.999944379553924	0.9999456905447238	1.3109907998076764e-6	P0-2b
epykit_fisher	dmc_coverage	tpr	0.8896048109965635	0.9183848797250859	0.028780068728522346	P0-2b
epykit_fisher	dmc_coverage	f1	0.9413636363636364	0.9572419968659055	0.015878360502269095	P0-2b
epykit_fisher	dmc_coverage	precision	0.9995173745173745	0.9995324918186068	0.000015117301232270286	P0-2b
epykit_fisher	dmc_coverage	tpr	0.9022307904158634	0.9224731478931424	0.020242357477278983	P0-2b
epykit_fisher	dmc_coverage	f1	0.9485342019543974	0.959604641168887	0.01107043921448958	P0-2b
epykit_fisher	dmc_coverage	precision	0.9998473981382573	0.9998507462686567	3.3481303993720957e-6	P0-2b
epykit_fisher	dmc_coverage	tpr	0.9000265886732252	0.921031640521138	0.021005051847912792	P0-2b
epykit_fisher	dmc_coverage	f1	0.9473168683971175	0.958826378797315	0.011509510400197542	P0-2b
epykit_fisher	dmc_coverage	precision	0.9998523113277211	0.999855679030163	3.367702441914311e-6	P0-2b
epykit_fisher	dmc_coverage	tpr	0.8953931416695532	0.9168687218565985	0.021475580187045318	P0-2b
epykit_fisher	dmc_coverage	f1	0.9446373104330349	0.9564588979223125	0.01182158748927764	P0-2b
epykit_fisher	dmc_coverage	precision	0.9996133023975251	0.9996223564954683	9.05409794316192e-6	P0-2b
epykit_lr	dmc_coverage	tpr	0.8753437671883594	0.8754437721886095	0.00010000500025009185	P0-2b
epykit_lr	dmc_coverage	f1	0.9335039726977017	0.9335608403540578	0.000056867656356152096	P0-2b
epykit_lr	dmc_coverage	auroc	0.9999489608985018	0.9999493409127526	3.8001425073375117e-7	P0-2b
epykit_lr	dmc_coverage	precision	0.9999428799908608	0.9999428865155063	6.524645490557646e-9	P0-2b
epykit_lr	dmc_coverage	tpr	0.9435971798589929	0.9436971848592429	0.00010000500024998082	P0-2b
epykit_lr	dmc_coverage	f1	0.9709552108255511	0.9710081547603735	0.00005294393482235815	P0-2b
epykit_lr	dmc_coverage	auroc	0.9999489608985018	0.9999493409127526	3.8001425073375117e-7	P0-2b
epykit_lr	dmc_coverage	precision	0.9999470114455278	0.9999470170605065	5.6149787042159005e-9	P0-2b
epykit_lr	dmc_coverage	tpr	0.9633481674083704	0.9634981749087455	0.00015000750037508226	P0-2b
epykit_lr	dmc_coverage	f1	0.9813069831406306	0.9813848073544017	0.00007782421377111604	P0-2b
epykit_lr	dmc_coverage	auroc	0.9999489608985018	0.9999493409127526	3.8001425073375117e-7	P0-2b
epykit_lr	dmc_coverage	precision	0.9999480977837754	0.9999481058640374	8.080262015042194e-9	P0-2b
epykit_lr	dmc_coverage	tpr	0.992099604980249	0.992299614980749	0.00020001000050007267	P0-2b
epykit_lr	dmc_coverage	fpr	0.0001749978125273434	0.00018749765627929652	0.000012499843751953116	P0-2b
epykit_lr	dmc_coverage	f1	0.9956842475033874	0.9957600541910233	0.00007580668763595977	P0-2b
epykit_lr	dmc_coverage	auroc	0.9999489608985018	0.9999493409127526	3.8001425073375117e-7	P0-2b
epykit_lr	dmc_coverage	precision	0.9992948879375472	0.9992447129909365	-0.00005017494661063715	P0-2b
epykit_lr	dmc_coverage	tpr	0.9620981049052453	0.9622481124056202	0.00015000750037497124	P0-2b
epykit_lr	dmc_coverage	f1	0.9806579852705078	0.9807359086739375	0.0000779234034296028	P0-2b
epykit_lr	dmc_coverage	auroc	0.9999489608985018	0.9999493409127526	3.8001425073375117e-7	P0-2b
epykit_lr	dmc_coverage	precision	0.9999480303502755	0.9999480384515459	8.101270432270269e-9	P0-2b
epykit_lr	dmc_coverage	tpr	0.9630584192439863	0.9634879725085911	0.00042955326460480947	P0-2b
epykit_lr	dmc_coverage	f1	0.98096696565303	0.9811898512685914	0.00022288561556138564	P0-2b
epykit_lr	dmc_coverage	precision	0.9995541685242978	0.999554367201426	1.9867712819365835e-7	P0-2b
epykit_lr	dmc_coverage	tpr	0.9610475937250731	0.9613134804573252	0.00026588673225214077	P0-2b
epykit_lr	dmc_coverage	f1	0.9800704989154013	0.9802087569472685	0.00013825803186717778	P0-2b
epykit_lr	dmc_coverage	precision	0.9998616874135546	0.9998617256637168	3.825016214875632e-8	P0-2b
epykit_lrplus	dmc_coverage	tpr	0.9985999299964998	0.9991499574978749	0.0005500275013751166	P0-1
epykit_lrplus	dmc_coverage	fpr	0.0000749990625117186	0.0010624867189160136	0.000987487656404295	P0-1
epykit_lrplus	dmc_coverage	f1	0.9991494896938163	0.9974542005690611	-0.0016952891247552504	P0-1
epykit_lrplus	dmc_coverage	auroc	0.9999770175756447	0.9999763097366003	-7.078390443782112e-7	P0-1
epykit_lrplus	dmc_coverage	precision	0.9996996546027932	0.9957641899636218	-0.003935464639171382	P0-1
epykit_lrplus	dmc_coverage	tpr	0.9993999699984999	0.999599979999	0.00020001000050007267	P0-1
epykit_lrplus	dmc_coverage	fpr	0.0008249896876289046	0.0024249696878789013	0.0015999800002499966	P0-1
epykit_lrplus	dmc_coverage	f1	0.9980525317087786	0.9949731236312961	-0.003079408077482526	P0-1
epykit_lrplus	dmc_coverage	auroc	0.9999770175756447	0.9999763097366003	-7.078390443782112e-7	P0-1
epykit_lrplus	dmc_coverage	precision	0.9967087218869994	0.9903889026504831	-0.006319819236516366	P0-1
epykit_lrplus	dmc_coverage	tpr	0.99949997499875	0.999649982499125	0.00015000750037497124	P0-1
epykit_lrplus	dmc_coverage	fpr	0.0012999837502031225	0.0034249571880351497	0.002124973437832027	P0-1
epykit_lrplus	dmc_coverage	f1	0.9971565399580964	0.9930212343226127	-0.004135305635483699	P0-1
epykit_lrplus	dmc_coverage	auroc	0.9999770175756447	0.9999763097366003	-7.078390443782112e-7	P0-1
epykit_lrplus	dmc_coverage	precision	0.9948240680834122	0.9864798184150795	-0.008344249668332693	P0-1
epykit_lrplus	dmc_coverage	tpr	0.999849992499625	0.99989999499975	0.00005000250012499041	P0-1
epykit_lrplus	dmc_coverage	fpr	0.004212447344408195	0.006987412657341784	0.0027749653129335887	P0-1
epykit_lrplus	dmc_coverage	f1	0.991569969255182	0.9861669337936136	-0.005403035461568395	P0-1
epykit_lrplus	dmc_coverage	auroc	0.9999770175756447	0.9999763097366003	-7.078390443782112e-7	P0-1
epykit_lrplus	dmc_coverage	precision	0.9834259578025869	0.9728059933839268	-0.010619964418660088	P0-1
epykit_lrplus	dmc_coverage	tpr	0.999549977498875	0.99969998499925	0.00015000750037497124	P0-1
epykit_lrplus	dmc_coverage	fpr	0.0014374820314746065	0.0038124523443456956	0.002374970312871089	P0-1
epykit_lrplus	dmc_coverage	f1	0.9969080390983444	0.9922823038935901	-0.004625735204754289	P0-1
epykit_lrplus	dmc_coverage	auroc	0.9999770175756447	0.9999763097366003	-7.078390443782112e-7	P0-1
epykit_lrplus	dmc_coverage	precision	0.9942800298433225	0.9849738890531087	-0.009306140790213857	P0-1
epykit_lrplus	dmc_coverage	fpr	0.0014374820314746065	0.0038124523443456956	0.002374970312871089	P0-1
epykit_lrplus	dmc_coverage	f1	0.9758960385663383	0.9385204595847612	-0.03737557898157717	P0-1
epykit_lrplus	dmc_coverage	precision	0.9529267294310274	0.8841625522218002	-0.06876417720922723	P0-1
epykit_lrplus	dmc_coverage	tpr	0.9994491875516387	0.999586890663729	0.00013770311209027053	P0-1
epykit_lrplus	dmc_coverage	fpr	0.0014374820314746065	0.0038124523443456956	0.002374970312871089	P0-1
epykit_lrplus	dmc_coverage	f1	0.9918688076528869	0.9792256846081209	-0.012643123044766003	P0-1
epykit_lrplus	dmc_coverage	precision	0.9844025498440255	0.9596774193548387	-0.024725130489186786	P0-1
epykit_lrplus	dmc_coverage	tpr	0.9994682265354958	0.999734113267748	0.00026588673225214077	P0-1
epykit_lrplus	dmc_coverage	fpr	0.0014374820314746065	0.0038124523443456956	0.002374970312871089	P0-1
epykit_lrplus	dmc_coverage	f1	0.9921478060046189	0.9799960904411286	-0.012151715563490373	P0-1
epykit_lrplus	dmc_coverage	precision	0.9849338399056727	0.9610223642172524	-0.023911475688420336	P0-1
epykit_lrplus	dmc_coverage	fpr	0.0014374820314746065	0.0038124523443456956	0.002374970312871089	P0-1
epykit_lrplus	dmc_coverage	f1	0.9802989130434783	0.9496544916090819	-0.030644421434396385	P0-1
epykit_lrplus	dmc_coverage	precision	0.9616794401866045	0.9044186775305547	-0.057260762656049735	P0-1
epykit_fisher	dmc_coverage	tpr	0.9208960448022401	0.928196409820491	0.007300365018250932	P0-2b
epykit_fisher	dmc_coverage	f1	0.9588192419825073	0.9627612675691095	0.003942025586602171	P0-2b
epykit_fisher	dmc_coverage	auroc	0.9999991362176076	0.9999991918446937	5.5627086048559704e-8	P0-2b
epykit_fisher	dmc_coverage	tpr	0.9587979398969948	0.9642982149107455	0.005500275013750722	P0-2b
epykit_fisher	dmc_coverage	f1	0.978940650925335	0.9817996690848925	0.0028590181595574693	P0-2b
epykit_fisher	dmc_coverage	auroc	0.9999991362176076	0.9999991918446937	5.5627086048559704e-8	P0-2b
epykit_fisher	dmc_coverage	precision	0.999947851481018	0.9999481489163123	2.9743529439407723e-7	P0-2b
epykit_fisher	dmc_coverage	tpr	0.9731486574328716	0.9778488924446223	0.004700235011750653	P0-2b
epykit_fisher	dmc_coverage	f1	0.9863666311894987	0.9887754070178987	0.002408775828399934	P0-2b
epykit_fisher	dmc_coverage	auroc	0.9999991362176076	0.9999991918446937	5.5627086048559704e-8	P0-2b
epykit_fisher	dmc_coverage	precision	0.9999486204593331	0.9999488674132024	2.469538693539164e-7	P0-2b
epykit_fisher	dmc_coverage	tpr	0.9965498274913746	0.9977498874943748	0.001200060003000214	P0-2b
epykit_fisher	dmc_coverage	f1	0.9982469321312296	0.998848675977374	0.0006017438461444202	P0-2b
epykit_fisher	dmc_coverage	auroc	0.9999991362176076	0.9999991918446937	5.5627086048559704e-8	P0-2b
epykit_fisher	dmc_coverage	precision	0.9999498269028148	0.9999498872463042	6.034348942751677e-8	P0-2b
epykit_fisher	dmc_coverage	tpr	0.9726986349317466	0.9772488624431221	0.004550227511375571	P0-2b
epykit_fisher	dmc_coverage	f1	0.986135401617114	0.9884685413716366	0.0023331397545226507	P0-2b
epykit_fisher	dmc_coverage	auroc	0.9999991362176076	0.9999991918446937	5.5627086048559704e-8	P0-2b
epykit_fisher	dmc_coverage	precision	0.9999485966896268	0.9999488360194423	2.3932981552121646e-7	P0-2b
epykit_fisher	dmc_coverage	tpr	0.9780927835051546	0.9810996563573883	0.0030068728522336663	P0-2b
epykit_fisher	dmc_coverage	f1	0.9887103777681285	0.9902449598959462	0.001534582127817652	P0-2b
epykit_fisher	dmc_coverage	precision	0.9995610184372257	0.999562363238512	1.3448012863293002e-6	P0-2b
epykit_fisher	dmc_coverage	tpr	0.970256127788488	0.975626549160011	0.005370421371522993	P0-2b
epykit_fisher	dmc_coverage	f1	0.984834719407366	0.9875940897686089	0.002759370361242852	P0-2b
epykit_fisher	dmc_coverage	precision	0.9998580956435362	0.9998588766581993	7.810146630538028e-7	P0-2b
epykit_fisher	dmc_coverage	tpr	0.9743419303376761	0.978463174687583	0.004121244349906905	P0-2b
epykit_fisher	dmc_coverage	f1	0.9869377861567465	0.9890479070079957	0.0021101208512491754	P0-2b
epykit_fisher	dmc_coverage	precision	0.9998635743519781	0.9998641488928135	5.74540835351911e-7	P0-2b
epykit_fisher	dmc_coverage	tpr	0.9702112919986144	0.9750606165569795	0.004849324558365065	P0-2b
epykit_fisher	dmc_coverage	f1	0.9847073299349622	0.9871997194459057	0.002492389510943438	P0-2b
epykit_fisher	dmc_coverage	precision	0.9996431120628123	0.9996448863636364	1.7743008240422853e-6	P0-2b
epykit_lrplus	dmc_coverage	tpr	0.999549977498875	0.999849992499625	0.0003000150007500535	P0-1
epykit_lrplus	dmc_coverage	f1	0.9997499374843711	0.9998999899989999	0.00015005251462874014	P0-1
epykit_lrplus	dmc_coverage	auroc	0.9999935910096589	0.9999936228858542	3.187619534994468e-8	P0-1
epykit_lrplus	dmc_coverage	precision	0.9999499774898705	0.9999499924988748	1.5009004372679158e-8	P0-1
epykit_lrplus	dmc_coverage	tpr	0.9997499874993749	0.999849992499625	0.00010000500025009185	P0-1
epykit_lrplus	dmc_coverage	fpr	0.0000124998437519531	0.0001124985937675779	0.0000999987500156248	P0-1
epykit_lrplus	dmc_coverage	f1	0.9998499774966245	0.9997000299970003	-0.00014994749962427	P0-1
epykit_lrplus	dmc_coverage	auroc	0.9999935910096589	0.9999936228858542	3.187619534994468e-8	P0-1
epykit_lrplus	dmc_coverage	precision	0.9999499874968742	0.9995501124718821	-0.000399875024992169	P0-1
epykit_lrplus	dmc_coverage	tpr	0.9997999899994999	0.99989999499975	0.00010000500025009185	P0-1
epykit_lrplus	dmc_coverage	fpr	0.000124998437519531	0.0003249959375507806	0.00019999750003124963	P0-1
epykit_lrplus	dmc_coverage	f1	0.9996500349965004	0.9993003847883664	-0.0003496502081340447	P0-1
epykit_lrplus	dmc_coverage	auroc	0.9999935910096589	0.9999936228858542	3.187619534994468e-8	P0-1
epykit_lrplus	dmc_coverage	precision	0.9995001249687578	0.9987014932827248	-0.0007986316860330023	P0-1
epykit_lrplus	dmc_coverage	fpr	0.0006499918751015612	0.0013249834377070287	0.0006749915626054674	P0-1
epykit_lrplus	dmc_coverage	f1	0.9987016229712858	0.9973568721324556	-0.0013447508388302332	P0-1
epykit_lrplus	dmc_coverage	auroc	0.9999935910096589	0.9999936228858542	3.187619534994468e-8	P0-1
epykit_lrplus	dmc_coverage	precision	0.9974066131365019	0.9947276796816712	-0.002678933454830723	P0-1
epykit_lrplus	dmc_coverage	tpr	0.9997999899994999	0.99989999499975	0.00010000500025009185	P0-1
epykit_lrplus	dmc_coverage	fpr	0.0001499981250234372	0.00036249546880663994	0.00021249734378320275	P0-1
epykit_lrplus	dmc_coverage	f1	0.9996000599910013	0.9992254840724547	-0.00037457591854661576	P0-1
epykit_lrplus	dmc_coverage	auroc	0.9999935910096589	0.9999936228858542	3.187619534994468e-8	P0-1
epykit_lrplus	dmc_coverage	precision	0.9994002099265257	0.9985518825526816	-0.0008483273738441044	P0-1
epykit_lrplus	dmc_coverage	fpr	0.0001499981250234372	0.00036249546880663994	0.00021249734378320275	P0-1
epykit_lrplus	dmc_coverage	f1	0.9972144846796658	0.9935952177625961	-0.003619266917069708	P0-1
epykit_lrplus	dmc_coverage	precision	0.9948696023941855	0.9876910016977929	-0.007178600696392645	P0-1
epykit_lrplus	dmc_coverage	tpr	0.9998622968879096	1.0	0.00013770311209038155	P0-1
epykit_lrplus	dmc_coverage	fpr	0.0001499981250234372	0.00036249546880663994	0.00021249734378320275	P0-1
epykit_lrplus	dmc_coverage	f1	0.9991056071551427	0.9980072837215694	-0.0010983234335733005	P0-1
epykit_lrplus	dmc_coverage	precision	0.9983500618726798	0.9960224934851186	-0.0023275683875612074	P0-1
epykit_lrplus	dmc_coverage	fpr	0.0001499981250234372	0.00036249546880663994	0.00021249734378320275	P0-1
epykit_lrplus	dmc_coverage	f1	0.9991364995018266	0.9980095541401274	-0.0011269453616992164	P0-1
epykit_lrplus	dmc_coverage	precision	0.9984070091596974	0.996158940397351	-0.0022480687623464	P0-1
epykit_lrplus	dmc_coverage	tpr	0.9996536196744025	1.0	0.0003463803255975284	P0-1
epykit_lrplus	dmc_coverage	fpr	0.0001499981250234372	0.00036249546880663994	0.00021249734378320275	P0-1
epykit_lrplus	dmc_coverage	f1	0.9977528089887641	0.9950025848698949	-0.00275022411886916	P0-1
epykit_lrplus	dmc_coverage	precision	0.9958592132505176	0.9900548696844993	-0.005804343566018333	P0-1
epykit_fisher	dmc_coverage	tpr	0.9619480974048702	0.9656982849142457	0.003750187509375502	P0-2b
epykit_fisher	dmc_coverage	f1	0.9805800499515775	0.9825248645486226	0.001944814597045097	P0-2b
epykit_fisher	dmc_coverage	auroc	0.9999890139630168	0.9999906143355317	1.6003725149538184e-6	P0-2b
epykit_fisher	dmc_coverage	precision	0.9999480222464785	0.9999482240861551	2.0183967663900404e-7	P0-2b
epykit_fisher	dmc_coverage	tpr	0.9864993249662483	0.9888994449722486	0.002400120006000317	P0-2b
epykit_fisher	dmc_coverage	f1	0.9931787862770268	0.9943937451290947	0.0012149588520679044	P0-2b
epykit_fisher	dmc_coverage	auroc	0.9999890139630168	0.9999906143355317	1.6003725149538184e-6	P0-2b
epykit_fisher	dmc_coverage	precision	0.9999493157627978	0.9999494387703509	1.2300755314331724e-7	P0-2b
epykit_fisher	dmc_coverage	tpr	0.9930996549827491	0.9946497324866244	0.0015500775038752579	P0-2b
epykit_fisher	dmc_coverage	f1	0.9965128822658739	0.997292690263712	0.0007798079978381667	P0-2b
epykit_fisher	dmc_coverage	auroc	0.9999890139630168	0.9999906143355317	1.6003725149538184e-6	P0-2b
epykit_fisher	dmc_coverage	precision	0.9999496526029604	0.9999497310611773	7.845821692331612e-8	P0-2b
epykit_fisher	dmc_coverage	tpr	0.9997499874993749	0.99989999499975	0.00015000750037508226	P0-2b
epykit_fisher	dmc_coverage	f1	0.9998499774966245	0.999924994374578	0.00007501687795352652	P0-2b
epykit_fisher	dmc_coverage	auroc	0.9999890139630168	0.9999906143355317	1.6003725149538184e-6	P0-2b
epykit_fisher	dmc_coverage	precision	0.9999499874968742	0.9999499949995	7.502625742894509e-9	P0-2b
epykit_fisher	dmc_coverage	tpr	0.9929996499824991	0.9945997299864994	0.0016000800040002483	P0-2b
epykit_fisher	dmc_coverage	f1	0.9964625304197295	0.9972675540848813	0.0008050236651517828	P0-2b
epykit_fisher	dmc_coverage	auroc	0.9999890139630168	0.9999906143355317	1.6003725149538184e-6	P0-2b
epykit_fisher	dmc_coverage	precision	0.9999496475327291	0.999949728534084	8.100135495681116e-8	P0-2b
epykit_fisher	dmc_coverage	tpr	0.9935567010309279	0.9944158075601375	0.0008591065292096189	P0-2b
epykit_fisher	dmc_coverage	f1	0.996553209823352	0.9969853574504737	0.00043214762712162624	P0-2b
epykit_fisher	dmc_coverage	precision	0.9995678478824547	0.9995682210708118	3.7318835710564713e-7	P0-2b
epykit_fisher	dmc_coverage	tpr	0.9927017350592123	0.994629578628477	0.0019278435692646756	P0-2b
epykit_fisher	dmc_coverage	f1	0.996268656716418	0.9972387132403701	0.0009700565239521008	P0-2b
epykit_fisher	dmc_coverage	precision	0.9998613037447989	0.9998615725359912	2.6879119230382997e-7	P0-2b
epykit_fisher	dmc_coverage	tpr	0.9928210582291943	0.9940175485243287	0.001196490295134356	P0-2b
epykit_fisher	dmc_coverage	f1	0.9963311320125409	0.9969333333333333	0.0006022013207924726	P0-2b
epykit_fisher	dmc_coverage	precision	0.9998661132681751	0.9998662744049212	1.6113674605744421e-7	P0-2b
epykit_fisher	dmc_coverage	tpr	0.9937651541392449	0.9961898164184274	0.002424662279182477	P0-2b
epykit_fisher	dmc_coverage	f1	0.9966996699669967	0.9979181124219292	0.0012184424549325223	P0-2b
epykit_fisher	dmc_coverage	precision	0.9996515679442509	0.9996524157108099	8.477665589534666e-7	P0-2b
epykit_lrplus	dmc_coverage	tpr	0.99969998499925	0.99989999499975	0.00020001000050007267	P0-1
epykit_lrplus	dmc_coverage	f1	0.9998249693696397	0.999924994374578	0.00010002500493833111	P0-1
epykit_lrplus	dmc_coverage	auroc	0.9999936894508504	0.9999937263272334	3.687638294724849e-8	P0-1
epykit_lrplus	dmc_coverage	precision	0.9999499849954987	0.9999499949995	1.0004001294028342e-8	P0-1
epykit_lrplus	dmc_coverage	tpr	0.99989999499975	0.999949997499875	0.00005000250012499041	P0-1
epykit_lrplus	dmc_coverage	f1	0.999924994374578	0.999949997499875	0.000025003125296962914	P0-1
epykit_lrplus	dmc_coverage	auroc	0.9999936894508504	0.9999937263272334	3.687638294724849e-8	P0-1
epykit_lrplus	dmc_coverage	precision	0.9999499949995	0.999949997499875	2.500375018144041e-9	P0-1
epykit_lrplus	dmc_coverage	auroc	0.9999936894508504	0.9999937263272334	3.687638294724849e-8	P0-1
epykit_lrplus	dmc_coverage	fpr	0.0000124998437519531	0.0000499993750078124	0.0000374995312558593	P0-1
epykit_lrplus	dmc_coverage	f1	0.9999749993749844	0.99990000499975	-0.000074994375234394	P0-1
epykit_lrplus	dmc_coverage	auroc	0.9999936894508504	0.9999937263272334	3.687638294724849e-8	P0-1
epykit_lrplus	dmc_coverage	precision	0.99995	0.9998000299955007	-0.0001499700044993446	P0-1
epykit_lrplus	dmc_coverage	auroc	0.9999936894508504	0.9999937263272334	3.687638294724849e-8	P0-1
epykit_fisher	dmc_coverage	tpr	0.9800990049502475	0.9827491374568729	0.00265013250662538	P0-2b
epykit_fisher	dmc_coverage	f1	0.9899494949494949	0.991299523365193	0.0013500284156980902	P0-2b
epykit_fisher	dmc_coverage	tpr	0.9946997349867494	0.9960498024901245	0.0013500675033751852	P0-2b
epykit_fisher	dmc_coverage	f1	0.9973428256291988	0.9980209925098324	0.0006781668806336016	P0-2b
epykit_fisher	dmc_coverage	tpr	0.9982499124956248	0.9988999449972499	0.0006500325016250974	P0-2b
epykit_fisher	dmc_coverage	f1	0.999124189875635	0.9994496698018811	0.00032547992624609723	P0-2b
epykit_fisher	dmc_coverage	tpr	0.9982499124956248	0.9988999449972499	0.0006500325016250974	P0-2b
epykit_fisher	dmc_coverage	f1	0.999124189875635	0.9994496698018811	0.00032547992624609723	P0-2b
epykit_fisher	dmc_coverage	tpr	0.9849656357388317	0.9905498281786942	0.005584192439862523	P0-2b
epykit_fisher	dmc_coverage	f1	0.9924258818437568	0.9952524816573155	0.0028265998135587056	P0-2b
epykit_lrplus	dmc_coverage	tpr	0.9997499874993749	0.999949997499875	0.00020001000050007267	P0-1
epykit_lrplus	dmc_coverage	f1	0.9998499774966245	0.999949997499875	0.00010002000325048943	P0-1
epykit_lrplus	dmc_coverage	auroc	0.999993707889042	0.999993734452538	2.656349606944275e-8	P0-1
epykit_lrplus	dmc_coverage	precision	0.9999499874968742	0.999949997499875	1.000300076103855e-8	P0-1
epykit_lrplus	dmc_coverage	auroc	0.999993707889042	0.999993734452538	2.656349606944275e-8	P0-1
epykit_lrplus	dmc_coverage	auroc	0.999993707889042	0.999993734452538	2.656349606944275e-8	P0-1
epykit_lrplus	dmc_coverage	auroc	0.999993707889042	0.999993734452538	2.656349606944275e-8	P0-1
epykit_lrplus	dmc_coverage	auroc	0.999993707889042	0.999993734452538	2.656349606944275e-8	P0-1
epykit_fisher	dmc_coverage	tpr	0.4688234411720586	0.5143257162858142	0.04550227511375565	P0-2b
epykit_fisher	dmc_coverage	f1	0.6383442265795207	0.6792577428514825	0.040913516271961825	P0-2b
epykit_fisher	dmc_coverage	auroc	0.9997653452628007	0.9997433516255255	-0.000021993637275175004	P0-2b
epykit_fisher	dmc_coverage	precision	0.9998933560840354	0.9999027899290367	9.433845001294294e-6	P0-2b
epykit_fisher	dmc_coverage	tpr	0.6364318215910796	0.6818840942047102	0.04545227261363061	P0-2b
epykit_fisher	dmc_coverage	fpr	0.0000124998437519531	0.0000249996875039062	0.0000124998437519531	P0-2b
epykit_fisher	dmc_coverage	f1	0.7778049376680518	0.8108092038765682	0.033004266208516375	P0-2b
epykit_fisher	dmc_coverage	auroc	0.9997653452628007	0.9997433516255255	-0.000021993637275175004	P0-2b
epykit_fisher	dmc_coverage	precision	0.999921439233247	0.9998533616834079	-0.00006807754983906289	P0-2b
epykit_fisher	dmc_coverage	tpr	0.7154357717885894	0.7591879593979699	0.04375218760938049	P0-2b
epykit_fisher	dmc_coverage	f1	0.8340668629222653	0.86306275579809	0.028995892875824714	P0-2b
epykit_fisher	dmc_coverage	auroc	0.9997653452628007	0.9997433516255255	-0.000021993637275175004	P0-2b
epykit_fisher	dmc_coverage	precision	0.9998602375960867	0.9998682910767205	8.053480633818388e-6	P0-2b
epykit_fisher	dmc_coverage	tpr	0.8701935096754838	0.9008450422521126	0.03065153257662878	P0-2b
epykit_fisher	dmc_coverage	f1	0.9305421880012833	0.9477865165583818	0.017244328557098454	P0-2b
epykit_fisher	dmc_coverage	auroc	0.9997653452628007	0.9997433516255255	-0.000021993637275175004	P0-2b
epykit_fisher	dmc_coverage	precision	0.9998850904912382	0.9998889998889999	3.909397761736599e-6	P0-2b
epykit_fisher	dmc_coverage	tpr	0.6677833891694585	0.7254862743137157	0.057702885144257254	P0-2b
epykit_fisher	dmc_coverage	f1	0.8007554862693369	0.8408577223993046	0.04010223612996766	P0-2b
epykit_fisher	dmc_coverage	auroc	0.9997653452628007	0.9997433516255255	-0.000021993637275175004	P0-2b
epykit_fisher	dmc_coverage	precision	0.9998502657782437	0.9998621735235339	0.000011907745290251626	P0-2b
epykit_fisher	dmc_coverage	tpr	0.6494845360824743	0.7083333333333334	0.05884879725085912	P0-2b
epykit_fisher	dmc_coverage	f1	0.7870900572618428	0.8288514702186479	0.04176141295680513	P0-2b
epykit_fisher	dmc_coverage	precision	0.9986789960369881	0.9987886129618413	0.0001096169248532286	P0-2b
epykit_fisher	dmc_coverage	tpr	0.6711649683282842	0.7298264940787662	0.058661525750482	P0-2b
epykit_fisher	dmc_coverage	f1	0.8030977096721041	0.8436803565743394	0.04058264690223523	P0-2b
epykit_fisher	dmc_coverage	precision	0.9995898277276456	0.999622783855149	0.00003295612750342514	P0-2b
epykit_fisher	dmc_coverage	tpr	0.6680404147833023	0.723477798457857	0.05543738367455464	P0-2b
epykit_fisher	dmc_coverage	f1	0.8008606263447287	0.8394261915779732	0.0385655652332445	P0-2b
epykit_fisher	dmc_coverage	precision	0.9996021483986473	0.9996326230712711	0.000030474672623848065	P0-2b
epykit_fisher	dmc_coverage	tpr	0.6733633529615518	0.7336335296155179	0.06027017665396606	P0-2b
epykit_fisher	dmc_coverage	f1	0.8044692737430168	0.8460155781905333	0.0415463044475165	P0-2b
epykit_fisher	dmc_coverage	precision	0.998972250770812	0.9990566037735849	0.0000843530027728745	P0-2b
epykit_lr	dmc_coverage	auroc	0.9989957026507217	0.9989951720058222	-5.306448994657487e-7	P0-2b
epykit_lr	dmc_coverage	auroc	0.9989957026507217	0.9989951720058222	-5.306448994657487e-7	P0-2b
epykit_lr	dmc_coverage	auroc	0.9989957026507217	0.9989951720058222	-5.306448994657487e-7	P0-2b
epykit_lr	dmc_coverage	auroc	0.9989957026507217	0.9989951720058222	-5.306448994657487e-7	P0-2b
epykit_lr	dmc_coverage	auroc	0.9989957026507217	0.9989951720058222	-5.306448994657487e-7	P0-2b
epykit_lrplus	dmc_coverage	tpr	0.9965998299914995	0.9983999199959998	0.00180009000450021	P0-1
epykit_lrplus	dmc_coverage	fpr	0.004387445156935539	0.01942475719053512	0.015037312033599582	P0-1
epykit_lrplus	dmc_coverage	f1	0.9895980735334277	0.9618015414258189	-0.027796532107608796	P0-1
epykit_lrplus	dmc_coverage	auroc	0.9998764294285264	0.9998713245495902	-5.104878936235124e-6	P0-1
epykit_lrplus	dmc_coverage	precision	0.9826940143970022	0.9277914595046699	-0.05490255489233231	P0-1
epykit_lrplus	dmc_coverage	tpr	0.9979498974948747	0.9990499524976248	0.0011000550027501221	P0-1
epykit_lrplus	dmc_coverage	fpr	0.01076236547043162	0.030662116723540956	0.019899751253109336	P0-1
epykit_lrplus	dmc_coverage	f1	0.9779019060218531	0.9417420814479638	-0.03615982457388933	P0-1
epykit_lrplus	dmc_coverage	auroc	0.9998764294285264	0.9998713245495902	-5.104878936235124e-6	P0-1
epykit_lrplus	dmc_coverage	precision	0.958643546760171	0.890652164222351	-0.06799138253782	P0-1
epykit_lrplus	dmc_coverage	tpr	0.9984999249962498	0.9993499674983749	0.000850042502125059	P0-1
epykit_lrplus	dmc_coverage	fpr	0.016424794690066375	0.036574542818214775	0.0201497481281484	P0-1
epykit_lrplus	dmc_coverage	f1	0.9674434378179352	0.931509403183333	-0.03593403463460221	P0-1
epykit_lrplus	dmc_coverage	auroc	0.9998764294285264	0.9998713245495902	-5.104878936235124e-6	P0-1
epykit_lrplus	dmc_coverage	precision	0.9382605835643472	0.8722939944134078	-0.06596658915093934	P0-1
epykit_lrplus	dmc_coverage	tpr	0.9992499624981249	0.999549977498875	0.0003000150007500535	P0-1
epykit_lrplus	dmc_coverage	fpr	0.03883701453731828	0.058111773602829965	0.019274759065511682	P0-1
epykit_lrplus	dmc_coverage	f1	0.9275469946623347	0.8956494466597966	-0.03189754800253808	P0-1
epykit_lrplus	dmc_coverage	auroc	0.9998764294285264	0.9998713245495902	-5.104878936235124e-6	P0-1
epykit_lrplus	dmc_coverage	precision	0.8654454116322376	0.8113153942935996	-0.05413001733863809	P0-1
epykit_lrplus	dmc_coverage	tpr	0.9985999299964998	0.9993999699984999	0.0008000400020000686	P0-1
epykit_lrplus	dmc_coverage	fpr	0.01931225859676754	0.0417119786002675	0.02239972000349996	P0-1
epykit_lrplus	dmc_coverage	f1	0.9621100806937252	0.9226969508113473	-0.039413129882377884	P0-1
epykit_lrplus	dmc_coverage	auroc	0.9998764294285264	0.9998713245495902	-5.104878936235124e-6	P0-1
epykit_lrplus	dmc_coverage	precision	0.9281929726715002	0.8569284856799863	-0.071264486991514	P0-1
epykit_lrplus	dmc_coverage	tpr	0.9987113402061856	0.9995704467353952	0.0008591065292096189	P0-1
epykit_lrplus	dmc_coverage	fpr	0.01931225859676754	0.0417119786002675	0.02239972000349996	P0-1
epykit_lrplus	dmc_coverage	f1	0.750242013552759	0.5823323323323323	-0.1679096812204267	P0-1
epykit_lrplus	dmc_coverage	precision	0.6007751937984496	0.410840395480226	-0.18993479831822357	P0-1
epykit_lrplus	dmc_coverage	tpr	0.998760671991187	0.9993114844395483	0.0005508124483613042	P0-1
epykit_lrplus	dmc_coverage	fpr	0.01931225859676754	0.0417119786002675	0.02239972000349996	P0-1
epykit_lrplus	dmc_coverage	f1	0.9032378580323785	0.8128360215053764	-0.09040183652700218	P0-1
epykit_lrplus	dmc_coverage	precision	0.8243919072516481	0.6850103832357939	-0.13938152401585424	P0-1
epykit_lrplus	dmc_coverage	tpr	0.9985376229726136	0.999601169901622	0.001063546929008341	P0-1
epykit_lrplus	dmc_coverage	fpr	0.01931225859676754	0.0417119786002675	0.02239972000349996	P0-1
epykit_lrplus	dmc_coverage	f1	0.9061406683556521	0.8182609641963217	-0.08787970415933044	P0-1
epykit_lrplus	dmc_coverage	precision	0.8293948763250883	0.6926123802505527	-0.13678249607453563	P0-1
epykit_lrplus	dmc_coverage	tpr	0.9982680983720125	0.9989608590232075	0.0006927606511950568	P0-1
epykit_lrplus	dmc_coverage	fpr	0.01931225859676754	0.0417119786002675	0.02239972000349996	P0-1
epykit_lrplus	dmc_coverage	f1	0.7880776592835658	0.6332894158981115	-0.15478824338545427	P0-1
epykit_lrplus	dmc_coverage	precision	0.6510051953919133	0.4635910625301399	-0.18741413286177339	P0-1
epykit_fisher	dmc_replicate	tpr	0.9481974098704935	0.9545477273863693	0.006350317515875781	P0-2b
epykit_fisher	dmc_replicate	f1	0.9733850062880168	0.9767203888462522	0.0033353825582354	P0-2b
epykit_fisher	dmc_replicate	auroc	0.9999930478642906	0.9999932003700096	1.5250571905323085e-7	P0-2b
epykit_fisher	dmc_replicate	precision	0.9999472685087534	0.999947619297051	3.5078829763168784e-7	P0-2b
epykit_fisher	dmc_replicate	tpr	0.976298814940747	0.9801490074503725	0.003850192509625483	P0-2b
epykit_fisher	dmc_replicate	f1	0.9879822896900696	0.989950002525125	0.0019677128350553685	P0-2b
epykit_fisher	dmc_replicate	auroc	0.9999930478642906	0.9999932003700096	1.5250571905323085e-7	P0-2b
epykit_fisher	dmc_replicate	precision	0.9999487862337396	0.9999489873998878	2.0116614818377343e-7	P0-2b
epykit_fisher	dmc_replicate	tpr	0.9868993449672484	0.9897494874743737	0.0028501425071253417	P0-2b
epykit_fisher	dmc_replicate	f1	0.9933814832523844	0.9948233402020406	0.0014418569496561506	P0-2b
epykit_fisher	dmc_replicate	auroc	0.9999930478642906	0.9999932003700096	1.5250571905323085e-7	P0-2b
epykit_fisher	dmc_replicate	precision	0.9999493363056035	0.9999494821924728	1.4588686936267692e-7	P0-2b
epykit_fisher	dmc_replicate	tpr	0.9979998999949997	0.9988999449972499	0.0009000450022501605	P0-2b
epykit_fisher	dmc_replicate	fpr	0.0000124998437519531	0.0000249996875039062	0.0000124998437519531	P0-2b
epykit_fisher	dmc_replicate	f1	0.9989739482970045	0.9993996698184001	0.0004257215213956389	P0-2b
epykit_fisher	dmc_replicate	auroc	0.9999930478642906	0.9999932003700096	1.5250571905323085e-7	P0-2b
epykit_fisher	dmc_replicate	precision	0.9999498997995993	0.9998998948896342	-0.000050004909965095656	P0-2b
epykit_fisher	dmc_replicate	tpr	0.9866993349667483	0.9896494824741237	0.0029501475073753225	P0-2b
epykit_fisher	dmc_replicate	f1	0.9932801449676592	0.9947728186570165	0.001492673689357349	P0-2b
epykit_fisher	dmc_replicate	auroc	0.9999930478642906	0.9999932003700096	1.5250571905323085e-7	P0-2b
epykit_fisher	dmc_replicate	precision	0.9999493260362825	0.9999494770878593	1.5105157680217474e-7	P0-2b
epykit_fisher	dmc_replicate	tpr	0.9884020618556701	0.9905498281786942	0.0021477663230240474	P0-2b
epykit_fisher	dmc_replicate	f1	0.9939524838012959	0.9950377562028048	0.0010852724015089077	P0-2b
epykit_fisher	dmc_replicate	precision	0.9995655951346655	0.9995665366276549	9.41492989459114e-7	P0-2b
epykit_fisher	dmc_replicate	tpr	0.9874690167997797	0.9902230790415864	0.002754062241806632	P0-2b
epykit_fisher	dmc_replicate	f1	0.9936261604544825	0.9950186799501868	0.001392519495704292	P0-2b
epykit_fisher	dmc_replicate	precision	0.9998605688789738	0.999860956618465	3.8773949118109385e-7	P0-2b
epykit_fisher	dmc_replicate	tpr	0.9873703802180271	0.9905610210050518	0.00319064078702469	P0-2b
epykit_fisher	dmc_replicate	f1	0.9935785953177257	0.9951916655536263	0.0016130702359005156	P0-2b
epykit_fisher	dmc_replicate	precision	0.9998653742595585	0.9998658078368223	4.335772638697222e-7	P0-2b
epykit_fisher	dmc_replicate	tpr	0.9816418427433322	0.9851056459993073	0.003463803255975062	P0-2b
epykit_fisher	dmc_replicate	f1	0.9905627403005942	0.9923237962316818	0.0017610559310875518	P0-2b
epykit_fisher	dmc_replicate	precision	0.999647266313933	0.9996485061511423	1.2398372093436194e-6	P0-2b
epykit_lrplus	dmc_replicate	tpr	0.99969998499925	0.99989999499975	0.00020001000050007267	P0-1
epykit_lrplus	dmc_replicate	fpr	0.0000999987500156248	0.00018749765627929652	0.00008749890626367171	P0-1
epykit_lrplus	dmc_replicate	f1	0.99965	0.9995751168428683	-0.00007488315713177762	P0-1
epykit_lrplus	dmc_replicate	auroc	0.9999933647511741	0.9999935713214205	2.0657024646375532e-7	P0-1
epykit_lrplus	dmc_replicate	precision	0.9996000199990001	0.9992504497301619	-0.0003495702688381952	P0-1
epykit_lrplus	dmc_replicate	tpr	0.9997999899994999	0.999949997499875	0.00015000750037508226	P0-1
epykit_lrplus	dmc_replicate	fpr	0.0003874951563105461	0.0006249921875976551	0.00023749703128710895	P0-1
epykit_lrplus	dmc_replicate	f1	0.9991255465334166	0.998726496366769	-0.000399050166647541	P0-1
epykit_lrplus	dmc_replicate	auroc	0.9999933647511741	0.9999935713214205	2.0657024646375532e-7	P0-1
epykit_lrplus	dmc_replicate	precision	0.9984520123839009	0.9975059856344772	-0.0009460267494236785	P0-1
epykit_lrplus	dmc_replicate	tpr	0.9997999899994999	0.999949997499875	0.00015000750037508226	P0-1
epykit_lrplus	dmc_replicate	fpr	0.000612492343845702	0.0010749865626679667	0.0004624942188222647	P0-1
epykit_lrplus	dmc_replicate	f1	0.9986764228454411	0.9978295037796572	-0.0008469190657839354	P0-1
epykit_lrplus	dmc_replicate	auroc	0.9999933647511741	0.9999935713214205	2.0657024646375532e-7	P0-1
epykit_lrplus	dmc_replicate	precision	0.9975553781680303	0.995717984465246	-0.0018373937027843512	P0-1
epykit_lrplus	dmc_replicate	fpr	0.0030749615629804628	0.004724940938238272	0.0016499793752578094	P0-1
epykit_lrplus	dmc_replicate	f1	0.9938872875459696	0.9906380027739251	-0.0032492847720444473	P0-1
epykit_lrplus	dmc_replicate	auroc	0.9999933647511741	0.9999935713214205	2.0657024646375532e-7	P0-1
epykit_lrplus	dmc_replicate	precision	0.9878488515682885	0.9814496736516661	-0.006399177916622367	P0-1
epykit_lrplus	dmc_replicate	tpr	0.9997999899994999	0.999949997499875	0.00015000750037508226	P0-1
epykit_lrplus	dmc_replicate	fpr	0.0006624917188535143	0.0014624817189785129	0.0007999900001249985	P0-1
epykit_lrplus	dmc_replicate	f1	0.9985766724099183	0.9970583836067208	-0.0015182888031974873	P0-1
epykit_lrplus	dmc_replicate	auroc	0.9999933647511741	0.9999935713214205	2.0657024646375532e-7	P0-1
epykit_lrplus	dmc_replicate	precision	0.9973563447725459	0.9941834451901566	-0.0031728995823893102	P0-1
epykit_lrplus	dmc_replicate	tpr	0.9995704467353952	1.0	0.00042955326460480947	P0-1
epykit_lrplus	dmc_replicate	fpr	0.0006624917188535143	0.0014624817189785129	0.0007999900001249985	P0-1
epykit_lrplus	dmc_replicate	f1	0.9885301614273577	0.9754871150219987	-0.013043046405359027	P0-1
epykit_lrplus	dmc_replicate	precision	0.9777310924369748	0.9521472392638037	-0.025583853173171023	P0-1
epykit_lrplus	dmc_replicate	tpr	0.9998622968879096	1.0	0.00013770311209038155	P0-1
epykit_lrplus	dmc_replicate	fpr	0.0006624917188535143	0.0014624817189785129	0.0007999900001249985	P0-1
epykit_lrplus	dmc_replicate	f1	0.9962952799121844	0.9920087425722287	-0.004286537339955654	P0-1
epykit_lrplus	dmc_replicate	precision	0.9927536231884058	0.9841441929800786	-0.008609430208327162	P0-1
epykit_lrplus	dmc_replicate	tpr	0.999734113267748	0.999867056633874	0.00013294336612601487	P0-1
epykit_lrplus	dmc_replicate	fpr	0.0006624917188535143	0.0014624817189785129	0.0007999900001249985	P0-1
epykit_lrplus	dmc_replicate	f1	0.9963564094070885	0.9922163588390501	-0.004140050568038345	P0-1
epykit_lrplus	dmc_replicate	precision	0.9930014525287204	0.9846818538884525	-0.008319598640267878	P0-1
epykit_lrplus	dmc_replicate	fpr	0.0006624917188535143	0.0014624817189785129	0.0007999900001249985	P0-1
epykit_lrplus	dmc_replicate	f1	0.9909044105028316	0.9801391953827873	-0.010765215120044358	P0-1
epykit_lrplus	dmc_replicate	precision	0.9819727891156462	0.961051930758988	-0.020920858356658245	P0-1
epykit_fisher	dmc_replicate	tpr	0.1608080404020201	0.1959097954897745	0.0351017550877544	P0-2b
epykit_fisher	dmc_replicate	f1	0.2770622442386388	0.32763306434753525	0.050570820108896464	P0-2b
epykit_fisher	dmc_replicate	auroc	0.9995061936694539	0.9993351585055285	-0.00017103516392547036	P0-2b
epykit_fisher	dmc_replicate	tpr	0.3095654782739137	0.3646682334116706	0.05510275513775692	P0-2b
epykit_fisher	dmc_replicate	f1	0.4727758686521573	0.5344423274219552	0.06166645876979787	P0-2b
epykit_fisher	dmc_replicate	auroc	0.9995061936694539	0.9993351585055285	-0.00017103516392547036	P0-2b
epykit_fisher	dmc_replicate	tpr	0.392119605980299	0.4503725186259313	0.058252912645632315	P0-2b
epykit_fisher	dmc_replicate	f1	0.5633418339858483	0.6210439219471834	0.057702087961335136	P0-2b
epykit_fisher	dmc_replicate	auroc	0.9995061936694539	0.9993351585055285	-0.00017103516392547036	P0-2b
epykit_fisher	dmc_replicate	tpr	0.6374818740937047	0.7104855242762138	0.0730036501825091	P0-2b
epykit_fisher	dmc_replicate	fpr	0.0	0.0000124998437519531	0.0000124998437519531	P0-2b
epykit_fisher	dmc_replicate	f1	0.7786124343471357	0.8307170627612617	0.052104628414126	P0-2b
epykit_fisher	dmc_replicate	auroc	0.9995061936694539	0.9993351585055285	-0.00017103516392547036	P0-2b
epykit_fisher	dmc_replicate	precision	1.0	0.9999296270232231	-0.00007037297677692234	P0-2b
epykit_fisher	dmc_replicate	tpr	0.22126106305315266	0.30151507575378766	0.08025401270063501	P0-2b
epykit_fisher	dmc_replicate	f1	0.36234850966262694	0.4633293634023589	0.10098085373973198	P0-2b
epykit_fisher	dmc_replicate	auroc	0.9995061936694539	0.9993351585055285	-0.00017103516392547036	P0-2b
epykit_fisher	dmc_replicate	tpr	0.20489690721649484	0.2920962199312715	0.08719931271477666	P0-2b
epykit_fisher	dmc_replicate	f1	0.34010695187165774	0.4521276595744681	0.11202070770281036	P0-2b
epykit_fisher	dmc_replicate	tpr	0.21963646378408153	0.29592398788212615	0.07628752409804462	P0-2b
epykit_fisher	dmc_replicate	f1	0.3601670994693463	0.456699606843056	0.09653250737370972	P0-2b
epykit_fisher	dmc_replicate	tpr	0.2210848178675884	0.3032438181334751	0.08215900026588671	P0-2b
epykit_fisher	dmc_replicate	f1	0.36211213935764835	0.4653677445679894	0.10325560521034105	P0-2b
epykit_fisher	dmc_replicate	tpr	0.2390024246622792	0.3186698995497056	0.0796674748874264	P0-2b
epykit_fisher	dmc_replicate	f1	0.3857981548783897	0.48332019963225636	0.09752204475386667	P0-2b
epykit_fisher	dmc_replicate	tpr	0.6362318115905795	0.6683834191709586	0.03215160758037905	P0-2b
epykit_fisher	dmc_replicate	f1	0.777655543332111	0.8012107771151137	0.023555233783002727	P0-2b
epykit_fisher	dmc_replicate	auroc	0.9999916921884519	0.999991394677295	-2.975111568215283e-7	P0-2b
epykit_fisher	dmc_replicate	precision	0.9999214145383104	0.9999251944943148	3.7799560044238234e-6	P0-2b
epykit_fisher	dmc_replicate	tpr	0.7608380419020951	0.7872393619680984	0.026401320066003264	P0-2b
epykit_fisher	dmc_replicate	f1	0.8641526578827805	0.8809310653536258	0.016778407470845247	P0-2b
epykit_fisher	dmc_replicate	auroc	0.9999916921884519	0.999991394677295	-2.975111568215283e-7	P0-2b
epykit_fisher	dmc_replicate	precision	0.9999342840244464	0.9999364877738964	2.2037494500359855e-6	P0-2b
epykit_fisher	dmc_replicate	tpr	0.8130406520326017	0.8370918545927296	0.024051202560127938	P0-2b
epykit_fisher	dmc_replicate	f1	0.8968560397131826	0.911298004953594	0.014441965240411414	P0-2b
epykit_fisher	dmc_replicate	auroc	0.9999916921884519	0.999991394677295	-2.975111568215283e-7	P0-2b
epykit_fisher	dmc_replicate	precision	0.9999385031670869	0.9999402699796918	1.7668126048864252e-6	P0-2b
epykit_fisher	dmc_replicate	tpr	0.9257462873143657	0.9401970098504925	0.014450722536126781	P0-2b
epykit_fisher	dmc_replicate	f1	0.9614166277197902	0.9691518697007964	0.007735241981006169	P0-2b
epykit_fisher	dmc_replicate	auroc	0.9999916921884519	0.999991394677295	-2.975111568215283e-7	P0-2b
epykit_fisher	dmc_replicate	precision	0.9999459897380503	0.999946819825569	8.300875187217116e-7	P0-2b
epykit_fisher	dmc_replicate	tpr	0.7968898444922247	0.823741187059353	0.02685134256712829	P0-2b
epykit_fisher	dmc_replicate	f1	0.8869410357013663	0.9033283983111258	0.01638736260975948	P0-2b
epykit_fisher	dmc_replicate	auroc	0.9999916921884519	0.999991394677295	-2.975111568215283e-7	P0-2b
epykit_fisher	dmc_replicate	precision	0.9999372568703727	0.9999393019726859	2.0451023131640156e-6	P0-2b
epykit_fisher	dmc_replicate	tpr	0.8058419243986255	0.8268900343642611	0.021048109965635664	P0-2b
epykit_fisher	dmc_replicate	f1	0.8922711058263971	0.9050305594734368	0.012759453647039676	P0-2b
epykit_fisher	dmc_replicate	precision	0.9994672349493873	0.9994807892004154	0.000013554251028113917	P0-2b
epykit_fisher	dmc_replicate	tpr	0.7997796750206555	0.8247039383090058	0.02492426328835029	P0-2b
epykit_fisher	dmc_replicate	f1	0.8886848749139316	0.9038635677633565	0.015178692849424968	P0-2b
epykit_fisher	dmc_replicate	precision	0.9998278533310381	0.9998330550918197	5.201760781670117e-6	P0-2b
epykit_fisher	dmc_replicate	tpr	0.7960648763626695	0.8255783036426483	0.029513427279978743	P0-2b
epykit_fisher	dmc_replicate	f1	0.8863888683295092	0.9043908832738659	0.018002014944356604	P0-2b
epykit_fisher	dmc_replicate	precision	0.9998330272165638	0.9998389953308646	5.968114300869409e-6	P0-2b
epykit_fisher	dmc_replicate	tpr	0.7845514374783512	0.8139937651541392	0.029442327675788027	P0-2b
epykit_fisher	dmc_replicate	f1	0.8790995536580632	0.8972890416189385	0.018189487960875272	P0-2b
epykit_fisher	dmc_replicate	precision	0.999558693733451	0.9995746490854955	0.000015955352044572102	P0-2b
epykit_lrplus	dmc_replicate	tpr	0.9968498424921246	0.9985999299964998	0.0017500875043752195	P0-1
epykit_lrplus	dmc_replicate	f1	0.9983974358974359	0.9992744739936454	0.000877038096209537	P0-1
epykit_lrplus	dmc_replicate	auroc	0.9999926844131609	0.9999930000499975	3.1563683655644326e-7	P0-1
epykit_lrplus	dmc_replicate	precision	0.9999498420023073	0.9999499299018626	8.789955530108529e-8	P0-1
epykit_lrplus	dmc_replicate	tpr	0.9980999049952498	0.9990999549977498	0.0010000500025000303	P0-1
epykit_lrplus	dmc_replicate	f1	0.999024048447236	0.9995247742677772	0.0005007258205411702	P0-1
epykit_lrplus	dmc_replicate	auroc	0.9999926844131609	0.9999930000499975	3.1563683655644326e-7	P0-1
epykit_lrplus	dmc_replicate	precision	0.9999499048191564	0.9999499549594635	5.014030712846562e-8	P0-1
epykit_lrplus	dmc_replicate	tpr	0.9985499274963748	0.9992499624981249	0.0007000350017500878	P0-1
epykit_lrplus	dmc_replicate	f1	0.9992494370778083	0.9995998399359743	0.00035040285816601013	P0-1
epykit_lrplus	dmc_replicate	auroc	0.9999926844131609	0.9999930000499975	3.1563683655644326e-7	P0-1
epykit_lrplus	dmc_replicate	precision	0.9999499273947223	0.9999499624718539	3.5077131532723627e-8	P0-1
epykit_lrplus	dmc_replicate	tpr	0.9991999599979999	0.99949997499875	0.0003000150007500535	P0-1
epykit_lrplus	dmc_replicate	fpr	0.0001124985937675779	0.0000249996875039062	-0.0000874989062636717	P0-1
epykit_lrplus	dmc_replicate	f1	0.9993748593433522	0.9996999249812453	0.00032506563789302945	P0-1
epykit_lrplus	dmc_replicate	auroc	0.9999926844131609	0.9999930000499975	3.1563683655644326e-7	P0-1
epykit_lrplus	dmc_replicate	precision	0.9995498199279712	0.9998999549797409	0.0003501350517697288	P0-1
epykit_lrplus	dmc_replicate	tpr	0.9985999299964998	0.9992499624981249	0.0006500325016250974	P0-1
epykit_lrplus	dmc_replicate	f1	0.9992744739936454	0.9995998399359743	0.0003253659423289035	P0-1
epykit_lrplus	dmc_replicate	auroc	0.9999926844131609	0.9999930000499975	3.1563683655644326e-7	P0-1
epykit_lrplus	dmc_replicate	precision	0.9999499299018626	0.9999499624718539	3.256999125955673e-8	P0-1
epykit_lrplus	dmc_replicate	tpr	0.9974226804123711	0.9982817869415808	0.0008591065292096189	P0-1
epykit_lrplus	dmc_replicate	f1	0.9984949473231564	0.9989254244573393	0.0004304771341829827	P0-1
epykit_lrplus	dmc_replicate	precision	0.9995695221696083	0.9995698924731182	3.7030350996669625e-7	P0-1
epykit_lrplus	dmc_replicate	tpr	0.9982098595428257	0.9993114844395483	0.0011016248967226083	P0-1
epykit_lrplus	dmc_replicate	f1	0.9990352811466373	0.9995867768595041	0.0005514957128668341	P0-1
epykit_lrplus	dmc_replicate	precision	0.9998620689655172	0.99986222099752	1.5203200276481255e-7	P0-1
epykit_lrplus	dmc_replicate	tpr	0.9990693964371178	0.9992023398032438	0.00013294336612601487	P0-1
epykit_lrplus	dmc_replicate	f1	0.9994680143636122	0.9995345435201809	0.0000665291565686843	P0-1
epykit_lrplus	dmc_replicate	precision	0.999866950505588	0.9998669682054011	1.7699813059657288e-8	P0-1
epykit_lrplus	dmc_replicate	tpr	0.9993072393488049	1.0	0.0006927606511950568	P0-1
epykit_lrplus	dmc_replicate	f1	0.9994803395115192	0.9998268398268398	0.0003465003153206858	P0-1
epykit_lrplus	dmc_replicate	precision	0.9996534996534997	0.9996537396121884	2.399586886969729e-7	P0-1
epykit_fisher	dmc_replicate	tpr	0.8190409520476024	0.8342917145857293	0.01525076253812685	P0-2b
epykit_fisher	dmc_replicate	f1	0.9004947773501925	0.9096360910453865	0.009141313695193998	P0-2b
epykit_fisher	dmc_replicate	auroc	0.999996302673848	0.9999964442416568	1.4156780880902886e-7	P0-2b
epykit_fisher	dmc_replicate	precision	0.9999389536658324	0.9999400695193575	1.1158535251354351e-6	P0-2b
epykit_fisher	dmc_replicate	tpr	0.8932446622331116	0.9063953197659883	0.013150657532876697	P0-2b
epykit_fisher	dmc_replicate	f1	0.9435875765899007	0.9508747082120282	0.007287131622127574	P0-2b
epykit_fisher	dmc_replicate	auroc	0.999996302673848	0.9999964442416568	1.4156780880902886e-7	P0-2b
epykit_fisher	dmc_replicate	precision	0.9999440246291632	0.9999448367166813	8.120875181205633e-7	P0-2b
epykit_fisher	dmc_replicate	tpr	0.9243462173108655	0.9347467373368669	0.010400520026001336	P0-2b
epykit_fisher	dmc_replicate	f1	0.9606610195915398	0.9662479971054944	0.0055869775139545386	P0-2b
epykit_fisher	dmc_replicate	auroc	0.999996302673848	0.9999964442416568	1.4156780880902886e-7	P0-2b
epykit_fisher	dmc_replicate	precision	0.9999459079353059	0.9999465097619684	6.018266625051893e-7	P0-2b
epykit_fisher	dmc_replicate	tpr	0.9775488774438722	0.9829491474573728	0.00540027001350063	P0-2b
epykit_fisher	dmc_replicate	f1	0.988621997471555	0.9913762670835645	0.00275426961200953	P0-2b
epykit_fisher	dmc_replicate	auroc	0.999996302673848	0.9999964442416568	1.4156780880902886e-7	P0-2b
epykit_fisher	dmc_replicate	precision	0.9999488517211396	0.9999491327127524	2.809916128665435e-7	P0-2b
epykit_fisher	dmc_replicate	tpr	0.9215460773038652	0.9322466123306166	0.01070053502675139	P0-2b
epykit_fisher	dmc_replicate	f1	0.9591465001301067	0.9649104647552014	0.005763964625094653	P0-2b
epykit_fisher	dmc_replicate	auroc	0.999996302673848	0.9999964442416568	1.4156780880902886e-7	P0-2b
epykit_fisher	dmc_replicate	precision	0.9999457435841789	0.9999463663180478	6.227338689157591e-7	P0-2b
epykit_fisher	dmc_replicate	tpr	0.9196735395189003	0.9291237113402062	0.00945017182130592	P0-2b
epykit_fisher	dmc_replicate	f1	0.9579418344519016	0.9630454140694568	0.005103579617555143	P0-2b
epykit_fisher	dmc_replicate	precision	0.9995331465919701	0.9995378927911276	4.746199157468212e-6	P0-2b
epykit_fisher	dmc_replicate	tpr	0.9248141007986781	0.9354172404296337	0.010603139630955605	P0-2b
epykit_fisher	dmc_replicate	f1	0.9608698762429358	0.9665623221400114	0.005692445897075515	P0-2b
epykit_fisher	dmc_replicate	precision	0.9998511240136966	0.9998528113040919	1.6872903952913632e-6	P0-2b
epykit_fisher	dmc_replicate	tpr	0.9177080563679872	0.9288752991225738	0.011167242754586582	P0-2b
epykit_fisher	dmc_replicate	f1	0.9570220435325107	0.9630599586492075	0.006037915116696713	P0-2b
epykit_fisher	dmc_replicate	precision	0.9998551564310545	0.9998568975386377	1.7411075832196587e-6	P0-2b
epykit_fisher	dmc_replicate	tpr	0.9248354693453412	0.9355732594388638	0.010737790093522603	P0-2b
epykit_fisher	dmc_replicate	f1	0.9607772580064772	0.9665414206477009	0.005764162641223702	P0-2b
epykit_fisher	dmc_replicate	precision	0.9996256083863722	0.9996299037749815	4.295388609354411e-6	P0-2b
epykit_lrplus	dmc_replicate	tpr	0.9986499324966248	0.9994499724986249	0.0008000400020000686	P0-1
epykit_lrplus	dmc_replicate	f1	0.9992995096567597	0.9996999099729919	0.000400400316232119	P0-1
epykit_lrplus	dmc_replicate	auroc	0.9999935722589557	0.9999936782004286	1.0594147292763978e-7	P0-1
epykit_lrplus	dmc_replicate	precision	0.9999499324087519	0.9999499724848667	4.007611487111262e-8	P0-1
epykit_lrplus	dmc_replicate	tpr	0.9991999599979999	0.999649982499125	0.00045002250112502473	P0-1
epykit_lrplus	dmc_replicate	f1	0.9995748192982017	0.9997999599919984	0.00022514069379675483	P0-1
epykit_lrplus	dmc_replicate	auroc	0.9999935722589557	0.9999936782004286	1.0594147292763978e-7	P0-1
epykit_lrplus	dmc_replicate	precision	0.9999499599679744	0.9999499824938729	2.2525898479841544e-8	P0-1
epykit_lrplus	dmc_replicate	tpr	0.99949997499875	0.999849992499625	0.0003500175008750439	P0-1
epykit_lrplus	dmc_replicate	f1	0.9997249243541974	0.9998999899989999	0.00017506564480251896	P0-1
epykit_lrplus	dmc_replicate	auroc	0.9999935722589557	0.9999936782004286	1.0594147292763978e-7	P0-1
epykit_lrplus	dmc_replicate	precision	0.9999499749874937	0.9999499924988748	1.7511381122936598e-8	P0-1
epykit_lrplus	dmc_replicate	fpr	0.0000124998437519531	0.0000874989062636717	0.0000749990625117186	P0-1
epykit_lrplus	dmc_replicate	f1	0.999949997499875	0.9998000199980002	-0.00014997750187484282	P0-1
epykit_lrplus	dmc_replicate	auroc	0.9999935722589557	0.9999936782004286	1.0594147292763978e-7	P0-1
epykit_lrplus	dmc_replicate	precision	0.999949997499875	0.9996500874781304	-0.00029991002174456494	P0-1
epykit_lrplus	dmc_replicate	tpr	0.9997499874993749	0.99989999499975	0.00015000750037508226	P0-1
epykit_lrplus	dmc_replicate	f1	0.9998499774966245	0.999924994374578	0.00007501687795352652	P0-1
epykit_lrplus	dmc_replicate	auroc	0.9999935722589557	0.9999936782004286	1.0594147292763978e-7	P0-1
epykit_lrplus	dmc_replicate	precision	0.9999499874968742	0.9999499949995	7.502625742894509e-9	P0-1
epykit_lrplus	dmc_replicate	tpr	0.999601169901622	1.0	0.0003988300983780446	P0-1
epykit_lrplus	dmc_replicate	f1	0.9997340779151709	0.999933532735128	0.00019945481995709002	P0-1
epykit_lrplus	dmc_replicate	precision	0.9998670212765958	0.9998670743054633	5.302886751934466e-8	P0-1
epykit_fisher	dmc_replicate	tpr	0.9021951097554878	0.9109455472773639	0.008750437521876098	P0-2b
epykit_fisher	dmc_replicate	f1	0.9485332772579119	0.9533478112980455	0.004814534040133545	P0-2b
epykit_fisher	dmc_replicate	auroc	0.9999911012287905	0.9999908715326767	-2.296961137959741e-7	P0-2b
epykit_fisher	dmc_replicate	precision	0.999889165973954	0.9998902305159165	1.064541962469967e-6	P0-2b
epykit_fisher	dmc_replicate	tpr	0.9481974098704935	0.9552477623881194	0.0070503525176258686	P0-2b
epykit_fisher	dmc_replicate	f1	0.9733600246381275	0.9770617568085922	0.0037017321704646555	P0-2b
epykit_fisher	dmc_replicate	auroc	0.9999911012287905	0.9999908715326767	-2.296961137959741e-7	P0-2b
epykit_fisher	dmc_replicate	precision	0.9998945425784339	0.9998953208416205	7.78263186562711e-7	P0-2b
epykit_fisher	dmc_replicate	tpr	0.9640982049102456	0.9701985099254963	0.006100305015250718	P0-2b
epykit_fisher	dmc_replicate	f1	0.9816709943485565	0.9848238757486549	0.003152881400098395	P0-2b
epykit_fisher	dmc_replicate	auroc	0.9999911012287905	0.9999908715326767	-2.296961137959741e-7	P0-2b
epykit_fisher	dmc_replicate	precision	0.9998962816989058	0.9998969337799536	6.520810478249928e-7	P0-2b
epykit_fisher	dmc_replicate	tpr	0.9932496624831242	0.9954497724886244	0.0022001100055002443	P0-2b
epykit_fisher	dmc_replicate	fpr	0.0000249996875039062	0.0000499993750078124	0.0000249996875039062	P0-2b
epykit_fisher	dmc_replicate	f1	0.996563401479995	0.9976197038410464	0.0010563023610513644	P0-2b
epykit_fisher	dmc_replicate	auroc	0.9999911012287905	0.9999908715326767	-2.296961137959741e-7	P0-2b
epykit_fisher	dmc_replicate	precision	0.9998993254807208	0.9997991161108879	-0.0001002093698329043	P0-2b
epykit_fisher	dmc_replicate	tpr	0.9634981749087455	0.9695984799239962	0.006100305015250718	P0-2b
epykit_fisher	dmc_replicate	f1	0.9813598166539343	0.9845146222583265	0.0031548056043921857	P0-2b
epykit_fisher	dmc_replicate	auroc	0.9999911012287905	0.9999908715326767	-2.296961137959741e-7	P0-2b
epykit_fisher	dmc_replicate	precision	0.999896217113798	0.9998968700046409	6.528908429448421e-7	P0-2b
epykit_fisher	dmc_replicate	tpr	0.9609106529209622	0.9669243986254296	0.006013745704467333	P0-2b
epykit_fisher	dmc_replicate	f1	0.9796365228815415	0.9827548570181183	0.003118334136576806	P0-2b
epykit_fisher	dmc_replicate	precision	0.9991067440821796	0.9991122947181535	5.550635973960993e-6	P0-2b
epykit_fisher	dmc_replicate	tpr	0.9633709721839714	0.9688790966675846	0.005508124483613264	P0-2b
epykit_fisher	dmc_replicate	f1	0.9812061711079944	0.9840559440559441	0.002849772947949747	P0-2b
epykit_fisher	dmc_replicate	precision	0.9997142040583024	0.9997158283603297	1.6243020273254416e-6	P0-2b
epykit_fisher	dmc_replicate	tpr	0.9634405743153417	0.9699547992555172	0.006514224940175506	P0-2b
epykit_fisher	dmc_replicate	f1	0.9812470381152257	0.9846153846153847	0.0033683465001589363	P0-2b
epykit_fisher	dmc_replicate	precision	0.999724099875845	0.9997259523157029	1.8524398579522483e-6	P0-2b
epykit_fisher	dmc_replicate	tpr	0.9660547280914444	0.972635954277797	0.006581226186352596	P0-2b
epykit_fisher	dmc_replicate	f1	0.982388164846777	0.985781990521327	0.003393825674549933	P0-2b
epykit_fisher	dmc_replicate	precision	0.9992834109638122	0.999288256227758	4.845263945729705e-6	P0-2b
epykit_lr	dmc_replicate	fpr	0.0000124998437519531	0.0000249996875039062	0.0000124998437519531	P0-2b
epykit_lr	dmc_replicate	f1	0.9614705576903105	0.9614455954513591	-0.00002496223895143146	P0-2b
epykit_lr	dmc_replicate	auroc	0.999987260772271	0.9999833106241379	-3.95014813303618e-6	P0-2b
epykit_lr	dmc_replicate	precision	0.9999459955716369	0.9998919969759154	-0.00005399859572152721	P0-2b
epykit_lr	dmc_replicate	auroc	0.999987260772271	0.9999833106241379	-3.95014813303618e-6	P0-2b
epykit_lr	dmc_replicate	auroc	0.999987260772271	0.9999833106241379	-3.95014813303618e-6	P0-2b
epykit_lr	dmc_replicate	fpr	0.001112486093923826	0.0011374857814277321	0.000024999687503906177	P0-2b
epykit_lr	dmc_replicate	f1	0.9967036260113875	0.9966538480747141	-0.0000497779366733786	P0-2b
epykit_lr	dmc_replicate	auroc	0.999987260772271	0.9999833106241379	-3.95014813303618e-6	P0-2b
epykit_lr	dmc_replicate	precision	0.9955599900224494	0.9954606674315359	-0.0000993225909134976	P0-2b
epykit_lr	dmc_replicate	auroc	0.999987260772271	0.9999833106241379	-3.95014813303618e-6	P0-2b
epykit_lrplus	dmc_replicate	tpr	0.9991999599979999	0.999649982499125	0.00045002250112502473	P0-1
epykit_lrplus	dmc_replicate	fpr	0.001637479531505856	0.00427494656316796	0.002637467031662104	P0-1
epykit_lrplus	dmc_replicate	f1	0.9963353526288236	0.9913470359259168	-0.004988316702906781	P0-1
epykit_lrplus	dmc_replicate	auroc	0.99998857832168	0.9999835256322009	-5.052689479034811e-6	P0-1
epykit_lrplus	dmc_replicate	precision	0.9934871233966391	0.9831808793154323	-0.010306244081206839	P0-1
epykit_lrplus	dmc_replicate	tpr	0.999549977498875	0.99989999499975	0.0003500175008750439	P0-1
epykit_lrplus	dmc_replicate	fpr	0.00338745765677929	0.008837389532630842	0.005449931875851551	P0-1
epykit_lrplus	dmc_replicate	f1	0.9930452061599603	0.9825811365255632	-0.010464069634397055	P0-1
epykit_lrplus	dmc_replicate	auroc	0.99998857832168	0.9999835256322009	-5.052689479034811e-6	P0-1
epykit_lrplus	dmc_replicate	precision	0.9866245496273629	0.9658520092735703	-0.020772540353792612	P0-1
epykit_lrplus	dmc_replicate	tpr	0.99969998499925	0.999949997499875	0.0002500125006250631	P0-1
epykit_lrplus	dmc_replicate	fpr	0.00479994000074999	0.011037362032974589	0.006237422032224598	P0-1
epykit_lrplus	dmc_replicate	f1	0.9903407965127798	0.978375733855186	-0.011965062657593895	P0-1
epykit_lrplus	dmc_replicate	auroc	0.99998857832168	0.9999835256322009	-5.052689479034811e-6	P0-1
epykit_lrplus	dmc_replicate	precision	0.9811552240270893	0.9577127532206312	-0.023442470806458116	P0-1
epykit_lrplus	dmc_replicate	tpr	0.999949997499875	1.0	0.00005000250012499041	P0-1
epykit_lrplus	dmc_replicate	fpr	0.01293733828327146	0.021037237034537068	0.008099898751265608	P0-1
epykit_lrplus	dmc_replicate	f1	0.9747514135309027	0.959621890069816	-0.015129523461086647	P0-1
epykit_lrplus	dmc_replicate	auroc	0.99998857832168	0.9999835256322009	-5.052689479034811e-6	P0-1
epykit_lrplus	dmc_replicate	precision	0.9507916131792897	0.9223780094087262	-0.028413603770563567	P0-1
epykit_lrplus	dmc_replicate	tpr	0.9997499874993749	1.0	0.0002500125006250631	P0-1
epykit_lrplus	dmc_replicate	fpr	0.005599930000874989	0.012299846251921851	0.006699916251046862	P0-1
epykit_lrplus	dmc_replicate	f1	0.9887984965752578	0.9759894587867844	-0.01280903778847331	P0-1
epykit_lrplus	dmc_replicate	auroc	0.99998857832168	0.9999835256322009	-5.052689479034811e-6	P0-1
epykit_lrplus	dmc_replicate	precision	0.9780843361706291	0.9531048944383549	-0.024979441732274177	P0-1
epykit_lrplus	dmc_replicate	tpr	0.9995704467353952	1.0	0.00042955326460480947	P0-1
epykit_lrplus	dmc_replicate	fpr	0.005599930000874989	0.012299846251921851	0.006699916251046862	P0-1
epykit_lrplus	dmc_replicate	f1	0.9120125416421713	0.825531914893617	-0.08648062674855428	P0-1
epykit_lrplus	dmc_replicate	precision	0.8385585585585585	0.7028985507246377	-0.13566000783392085	P0-1
epykit_lrplus	dmc_replicate	tpr	0.9997245937758193	1.0	0.0002754062241806521	P0-1
epykit_lrplus	dmc_replicate	fpr	0.005599930000874989	0.012299846251921851	0.006699916251046862	P0-1
epykit_lrplus	dmc_replicate	f1	0.969939879759519	0.9365488779984524	-0.033391001761066574	P0-1
epykit_lrplus	dmc_replicate	precision	0.9418785677218474	0.8806694154741693	-0.06120915224767809	P0-1
epykit_lrplus	dmc_replicate	tpr	0.999867056633874	1.0	0.00013294336612601487	P0-1
epykit_lrplus	dmc_replicate	fpr	0.005599930000874989	0.012299846251921851	0.006699916251046862	P0-1
epykit_lrplus	dmc_replicate	f1	0.9710154283132141	0.9386074369852758	-0.03240799132793826	P0-1
epykit_lrplus	dmc_replicate	precision	0.943782155853934	0.8843169527392429	-0.059465203114691056	P0-1
epykit_lrplus	dmc_replicate	tpr	0.9996536196744025	1.0	0.0003463803255975284	P0-1
epykit_lrplus	dmc_replicate	fpr	0.005599930000874989	0.012299846251921851	0.006699916251046862	P0-1
epykit_lrplus	dmc_replicate	f1	0.927825108503456	0.85439479135839	-0.07343031714506598	P0-1
epykit_lrplus	dmc_replicate	precision	0.865626874625075	0.7458021183156807	-0.11982475630939438	P0-1
epykit_dmr_tile	dmr_coverage	tpr	0.7714285714285715	1.0	0.22857142857142854	P0-2
epykit_dmr_tile	dmr_coverage	f1	0.870967741935484	0.9859154929577464	0.1149477510222624	P0-2
epykit_dmr_tile	dmr_coverage	precision	1.0	0.9722222222222222	-0.02777777777777779	P0-2
epykit_dmr_tile	dmr_coverage	tpr	0.9142857142857143	1.0	0.08571428571428574	P0-2
epykit_dmr_tile	dmr_coverage	f1	0.955223880597015	1.0	0.04477611940298498	P0-2
epykit_dmr_tile	dmr_coverage	tpr	0.5428571428571428	1.0	0.4571428571428572	P0-2
epykit_dmr_tile	dmr_coverage	f1	0.5412651864264767	0.6422018348623852	0.10093664843590855	P0-2
epykit_dmr_tile	dmr_coverage	precision	0.5396825396825397	0.47297297297297297	-0.06670956670956668	P0-2
