timestamp	elapsed_s	rss_mb	uss_mb	cpu_percent	num_threads	num_processes	phase	cpu_total_seconds
2026-06-02T23:47:57	1.01	139.03	131.98	97.0	1	1	initial	
2026-06-02T23:47:58	2.02	235.3	228.25	98.8	1	1	initial	
2026-06-02T23:47:59	3.04	353.52	346.47	100.5	1	1	initial	
2026-06-02T23:48:00	4.05	446.07	439.02	99.4	1	1	initial	
2026-06-02T23:48:01	5.07	490.87	483.82	99.2	1	1	initial	
2026-06-02T23:48:02	6.09	578.91	568.01	98.1	1	1	initial	
2026-06-02T23:48:03	7.11	728.07	717.12	96.9	2	1	initial	
2026-06-02T23:48:04	8.13	737.86	725.26	99.8	2	1	initial	
2026-06-02T23:48:05	9.16	784.77	772.17	98.7	2	1	initial	
2026-06-02T23:48:06	10.18	799.77	787.25	99.7	2	1	initial	
2026-06-02T23:48:07	11.2	857.44	844.84	98.6	2	1	initial	
2026-06-02T23:48:08	12.23	828.82	816.23	99.6	2	1	initial	
2026-06-02T23:48:09	13.25	804.01	795.67	99.7	2	1	initial	
2026-06-02T23:48:10	14.27	807.09	797.16	97.7	2	1	initial	
2026-06-02T23:48:11	15.3	857.44	844.84	100.6	2	1	initial	
2026-06-02T23:48:12	16.32	819.29	806.7	98.7	2	1	initial	
2026-06-02T23:48:13	17.34	807.06	794.47	100.6	2	1	initial	
2026-06-02T23:48:14	18.37	1011.17	998.58	99.2	2	1	initial	
2026-06-02T23:48:15	19.4	1011.18	998.59	100.3	2	1	initial	
2026-06-02T23:48:16	20.44	2529.54	1262.07	844.1	13	1	initial	
2026-06-02T23:48:18	21.48	1363.27	1350.67	99.6	13	1	initial	
2026-06-02T23:48:19	22.52	1540.46	1616.47	114.9	13	1	initial	
2026-06-02T23:48:20	23.56	1853.83	1841.23	123.8	13	1	initial	
2026-06-02T23:48:21	24.6	1409.75	1397.16	98.7	13	1	initial	
2026-06-02T23:48:22	25.63	1600.49	1587.9	99.3	13	1	initial	
2026-06-02T23:48:23	26.67	1819.84	1807.25	99.9	13	1	initial	
2026-06-02T23:48:24	27.71	1419.29	1406.7	98.7	13	1	initial	
2026-06-02T23:48:25	28.75	1648.18	1635.58	101.2	13	1	initial	
2026-06-02T23:48:26	29.79	1857.98	1845.39	99.0	13	1	initial	
2026-06-02T23:48:27	30.9	2582.8	2683.9	658.0	13	1	initial	
2026-06-02T23:48:28	31.94	1760.43	1747.84	301.9	13	1	initial	
2026-06-02T23:48:29	32.99	1854.09	1841.5	100.6	13	1	initial	
2026-06-02T23:48:30	34.04	2411.86	2405.02	132.4	13	1	initial	
2026-06-02T23:48:31	35.09	2427.15	2414.56	99.9	13	1	initial	
2026-06-02T23:48:32	36.13	1880.53	1867.94	98.9	13	1	initial	
2026-06-02T23:48:33	37.18	2080.8	2068.21	98.6	13	1	initial	
2026-06-02T23:48:34	38.22	2281.08	2268.48	99.3	13	1	initial	
2026-06-02T23:48:35	39.27	2481.35	2468.76	98.2	13	1	initial	
2026-06-02T23:48:36	40.31	1909.14	1896.55	100.8	13	1	initial	
2026-06-02T23:48:37	41.39	2691.59	2749.04	517.3	13	1	initial	
2026-06-02T23:48:38	42.43	2380.26	2367.67	441.7	13	1	initial	
2026-06-02T23:48:40	43.49	2834.87	2822.28	125.0	13	1	initial	
2026-06-02T23:48:41	44.55	2886.88	2874.29	112.7	13	1	initial	
2026-06-02T23:48:42	45.61	3127.23	3122.24	99.0	13	1	initial	
2026-06-02T23:48:43	46.66	2823.36	2817.06	99.5	13	1	initial	
2026-06-02T23:48:44	47.72	3077.61	3065.02	97.4	13	1	initial	
2026-06-02T23:48:45	48.77	2762.9	2750.3	96.8	13	1	initial	
2026-06-02T23:48:46	49.83	3173.96	3161.36	97.4	13	1	initial	
2026-06-02T23:48:47	50.89	3230.37	3217.78	857.9	13	1	initial	
2026-06-02T23:48:48	51.95	3114.45	3101.85	100.9	13	1	initial	
2026-06-02T23:48:49	53.01	3577.94	3565.35	133.6	13	1	initial	
2026-06-02T23:48:50	54.08	3813.21	3803.77	97.6	13	1	initial	
2026-06-02T23:48:51	55.14	3534.66	3522.07	99.7	13	1	initial	
2026-06-02T23:48:52	56.2	3777.17	3770.03	98.6	13	1	initial	
2026-06-02T23:48:53	57.27	3486.98	3474.39	97.9	13	1	initial	
2026-06-02T23:48:54	58.33	3665.43	3652.83	99.7	13	1	initial	
2026-06-02T23:48:55	59.4	3749.26	3779.64	572.8	13	1	initial	
2026-06-02T23:48:56	60.45	3752.99	3740.4	417.9	13	1	initial	
2026-06-02T23:48:58	61.51	3824.01	3811.41	113.2	13	1	initial	
2026-06-02T23:48:59	62.55	3216.46	3203.87	99.2	13	1	initial	
2026-06-02T23:49:00	63.61	3464.42	3451.83	100.3	13	1	initial	
2026-06-02T23:49:01	64.67	3713.46	3709.32	99.3	13	1	initial	
2026-06-02T23:49:02	65.73	3948.62	3938.21	98.6	13	1	initial	
2026-06-02T23:49:03	66.79	4189.22	4176.62	97.8	13	1	initial	
2026-06-02T23:49:04	67.89	4399.59	4483.53	672.4	13	1	initial	
2026-06-02T23:49:05	68.96	4305.31	4292.72	296.0	13	1	initial	
2026-06-02T23:49:06	70.02	3542.22	3529.63	98.9	13	1	initial	
2026-06-02T23:49:07	71.15	5105.89	5093.3	410.6	13	1	initial	
2026-06-02T23:49:08	72.2	4529.59	4518.67	246.7	13	1	initial	
2026-06-02T23:49:09	73.26	4030.34	4102.0	465.6	13	1	initial	
2026-06-02T23:49:10	74.33	4678.5	4695.13	198.9	13	1	initial	
2026-06-02T23:49:11	75.4	4725.33	4713.51	341.8	13	1	initial	
2026-06-02T23:49:13	76.47	4876.83	4864.23	207.5	13	1	initial	
2026-06-02T23:49:14	77.55	5112.4	5099.8	268.4	13	1	initial	
2026-06-02T23:49:15	78.62	3887.48	3968.01	99.2	13	1	initial	
2026-06-02T23:49:16	79.68	4606.44	4593.85	267.7	13	1	initial	
2026-06-02T23:49:17	80.77	5923.45	5946.65	362.0	13	1	initial	
2026-06-02T23:49:18	81.84	5042.59	5050.29	242.4	13	1	initial	
2026-06-02T23:49:19	82.89	4769.32	4626.09	213.0	13	1	initial	
2026-06-02T23:49:20	83.97	5315.31	5302.72	312.0	13	1	initial	
2026-06-02T23:49:21	85.06	6277.35	6264.76	256.5	13	1	initial	
2026-06-02T23:49:22	86.15	6138.75	6138.16	134.8	13	1	initial	
2026-06-02T23:49:23	87.24	5810.38	5881.79	110.9	13	1	initial	
2026-06-02T23:49:24	88.33	6536.33	6553.62	237.9	13	1	initial	
2026-06-02T23:49:25	89.43	7274.97	7262.38	288.5	13	1	initial	
2026-06-02T23:49:27	90.53	7161.4	6980.8	173.8	13	1	initial	
2026-06-02T23:49:28	91.62	5625.96	5674.38	99.2	13	1	initial	
2026-06-02T23:49:29	92.72	6741.4	6728.81	291.9	13	1	initial	
2026-06-02T23:49:30	93.8	7754.64	7751.59	136.7	13	1	initial	
2026-06-02T23:49:31	94.92	8228.55	8240.37	214.5	13	1	initial	
2026-06-02T23:49:32	96.03	7490.46	7477.86	141.1	13	1	initial	
2026-06-02T23:49:33	97.12	5776.19	5796.23	98.2	13	1	initial	
2026-06-02T23:49:34	98.23	7113.1	7102.22	100.5	13	1	initial	
2026-06-02T23:49:35	99.35	7662.76	7650.17	99.6	13	1	initial	
2026-06-02T23:49:36	100.46	7662.76	7650.22	98.2	13	1	initial	
2026-06-02T23:49:38	101.54	5390.73	5378.14	99.8	13	1	initial	
2026-06-02T23:49:39	102.63	5906.29	5966.29	98.0	13	1	initial	
2026-06-02T23:49:40	103.75	7666.63	7662.19	100.4	13	1	initial	
2026-06-02T23:49:41	104.84	7184.64	7172.05	99.9	13	1	initial	
2026-06-02T23:49:42	105.94	7121.93	7153.86	98.2	13	1	initial	
2026-06-02T23:49:43	107.06	8519.39	8522.13	99.6	13	1	initial	
2026-06-02T23:49:44	108.18	8427.71	8504.91	97.3	13	1	initial	
2026-06-02T23:49:45	109.3	7787.39	7861.47	99.8	13	1	initial	
2026-06-02T23:49:46	110.42	9749.45	9742.71	92.9	13	1	initial	
2026-06-02T23:49:48	111.57	10185.89	10195.99	99.9	13	1	initial	
2026-06-02T23:49:49	112.67	10195.86	10187.34	92.8	13	1	initial	
2026-06-02T23:49:50	113.8	8913.76	8905.24	99.8	13	1	initial	
2026-06-02T23:49:51	114.92	10375.05	10413.38	98.4	13	1	initial	
2026-06-02T23:49:52	116.06	11850.52	11853.75	93.9	13	1	initial	
2026-06-02T23:49:53	117.23	10611.98	10670.52	97.0	13	1	initial	
2026-06-02T23:49:54	118.41	11137.81	11197.69	101.2	13	1	initial	
2026-06-02T23:49:56	119.58	12148.88	12152.39	91.0	13	1	initial	
2026-06-02T23:49:57	120.77	11749.47	11742.44	94.6	13	1	initial	
2026-06-02T23:49:58	121.95	11328.33	11321.3	99.7	13	1	initial	
2026-06-02T23:49:59	123.14	11428.18	11475.36	99.4	13	1	initial	
2026-06-02T23:50:00	124.26	12230.48	12224.11	99.4	13	1	initial	
2026-06-02T23:50:01	125.37	8862.48	8872.55	99.8	13	1	initial	
2026-06-02T23:50:03	126.49	10038.02	10039.08	93.5	13	1	initial	
2026-06-02T23:50:04	127.64	11520.75	11577.89	94.9	13	1	initial	
2026-06-02T23:50:05	128.8	10127.74	10156.18	100.1	13	1	initial	
2026-06-02T23:50:06	129.96	11674.93	11702.63	97.6	13	1	initial	
2026-06-02T23:50:07	131.06	10247.86	9813.23	95.0	13	1	initial	
2026-06-02T23:50:08	132.17	9239.38	9233.01	96.9	13	1	initial	
2026-06-02T23:50:09	133.33	10494.29	10488.66	88.7	13	1	initial	
2026-06-02T23:50:10	134.43	9362.35	9339.66	94.9	13	1	initial	
2026-06-02T23:50:12	135.55	10608.94	10657.21	93.9	13	1	initial	
2026-06-02T23:50:13	136.7	11835.69	11829.32	93.4	13	1	initial	
2026-06-02T23:50:14	137.86	11262.89	11311.82	98.0	13	1	initial	
2026-06-02T23:50:15	138.95	8656.36	8654.79	94.1	13	1	initial	
2026-06-02T23:50:16	140.11	10017.45	10061.83	96.7	13	1	initial	
2026-06-02T23:50:17	141.28	11868.13	11887.66	94.8	13	1	initial	
2026-06-02T23:50:18	142.43	10415.82	10533.43	96.4	13	1	initial	
2026-06-02T23:50:20	143.59	11501.45	11562.33	100.1	13	1	initial	
2026-06-02T23:50:21	144.78	12336.04	12329.55	99.9	13	1	initial	
2026-06-02T23:50:22	145.9	11502.81	11496.32	98.7	13	1	initial	
2026-06-02T23:50:23	147.04	11735.05	11728.57	100.3	13	1	initial	
2026-06-02T23:50:24	148.19	10390.99	10384.5	100.4	13	1	initial	
2026-06-02T23:50:25	149.35	10390.99	10384.5	99.4	13	1	initial	
2026-06-02T23:50:26	150.47	10390.99	10384.5	100.2	13	1	initial	
2026-06-02T23:50:28	151.63	10390.99	10384.5	99.8	13	1	initial	
2026-06-02T23:50:29	152.79	10390.99	10384.5	100.6	13	1	initial	
2026-06-02T23:50:30	153.96	10390.99	10384.5	99.6	13	1	initial	
2026-06-02T23:50:31	155.11	10390.99	10384.5	100.3	13	1	initial	
2026-06-02T23:50:32	156.27	10390.99	10384.5	99.6	13	1	initial	
2026-06-02T23:50:33	157.38	10390.99	10384.5	99.8	13	1	initial	
2026-06-02T23:50:35	158.49	10390.99	10384.5	99.7	13	1	initial	
2026-06-02T23:50:36	159.65	10390.99	10384.5	100.4	13	1	initial	
2026-06-02T23:50:37	160.8	10390.99	10384.5	99.7	13	1	initial	
2026-06-02T23:50:38	161.96	10390.99	10384.5	100.4	13	1	initial	
2026-06-02T23:50:39	163.12	10390.99	10384.5	99.6	13	1	initial	
2026-06-02T23:50:40	164.27	10390.99	10384.5	100.3	13	1	initial	
2026-06-02T23:50:41	165.43	10390.99	10384.5	100.1	13	1	initial	
2026-06-02T23:50:43	166.6	10390.99	10384.44	99.7	13	1	initial	
2026-06-02T23:50:44	167.76	10390.99	10384.44	100.2	13	1	initial	
2026-06-02T23:50:45	168.88	10390.99	10384.44	99.3	13	1	initial	
2026-06-02T23:50:46	170.04	10390.99	10384.44	100.3	13	1	initial	
2026-06-02T23:50:47	171.19	10390.99	10384.44	100.4	13	1	initial	
2026-06-02T23:50:48	172.35	10390.99	10384.44	99.5	13	1	initial	
2026-06-02T23:50:50	173.5	10390.99	10384.44	100.4	13	1	initial	
2026-06-02T23:50:51	174.67	10390.99	10384.43	99.8	13	1	initial	
2026-06-02T23:50:52	175.83	10390.99	10384.44	99.8	13	1	initial	
2026-06-02T23:50:53	176.96	10390.99	10384.44	100.5	13	1	initial	
2026-06-02T23:50:54	178.08	10390.99	10384.31	95.9	13	1	initial	
2026-06-02T23:50:55	179.24	10390.99	10381.21	100.2	13	1	initial	
2026-06-02T23:50:56	180.39	10390.99	10381.12	99.5	13	1	initial	
2026-06-02T23:50:58	181.55	10390.99	10380.93	100.3	13	1	initial	
2026-06-02T23:50:59	182.71	10390.99	10380.56	100.3	13	1	initial	
2026-06-02T23:51:00	183.86	10390.99	10379.79	99.4	13	1	initial	
2026-06-02T23:51:01	185.02	10390.99	10379.47	100.1	13	1	initial	
2026-06-02T23:51:02	186.18	10390.99	10379.43	100.2	13	1	initial	
2026-06-02T23:51:03	187.32	10390.99	10379.41	100.1	13	1	initial	
2026-06-02T23:51:05	188.48	10390.99	10379.41	100.1	13	1	initial	
2026-06-02T23:51:06	189.64	10390.99	10379.41	100.0	13	1	initial	
2026-06-02T23:51:07	190.79	10390.99	10379.27	99.5	13	1	initial	
2026-06-02T23:51:08	191.92	10390.99	10379.27	100.2	13	1	initial	
2026-06-02T23:51:09	193.08	10390.99	10379.27	100.0	13	1	initial	
2026-06-02T23:51:10	194.24	10390.99	10379.27	100.2	13	1	initial	
2026-06-02T23:51:11	195.4	10390.99	10379.27	99.2	13	1	initial	
2026-06-02T23:51:13	196.56	10390.99	10379.27	100.2	13	1	initial	
2026-06-02T23:51:14	197.72	10390.99	10379.27	100.0	13	1	initial	
2026-06-02T23:51:15	198.88	10390.99	10379.27	100.6	13	1	initial	
2026-06-02T23:51:16	200.05	10390.99	10379.27	99.4	13	1	initial	
2026-06-02T23:51:17	201.21	10390.99	10379.27	100.2	13	1	initial	
2026-06-02T23:51:18	202.38	10390.99	10379.27	100.4	13	1	initial	
2026-06-02T23:51:20	203.54	10390.99	10379.27	99.6	13	1	initial	
2026-06-02T23:51:21	204.71	10390.99	10379.27	99.6	13	1	initial	
2026-06-02T23:51:22	205.87	10390.99	10379.27	100.4	13	1	initial	
2026-06-02T23:51:23	207.04	10390.99	10379.27	99.6	13	1	initial	
2026-06-02T23:51:24	208.2	10390.99	10379.27	100.5	13	1	initial	
2026-06-02T23:51:25	209.37	10390.99	10379.27	99.6	13	1	initial	
2026-06-02T23:51:27	210.53	10390.99	10379.27	100.1	13	1	initial	
2026-06-02T23:51:28	211.68	10390.99	10379.27	100.2	13	1	initial	
2026-06-02T23:51:29	212.85	10390.99	10379.27	100.4	13	1	initial	
2026-06-02T23:51:30	214.01	10390.99	10379.27	99.6	13	1	initial	
2026-06-02T23:51:31	215.18	10390.99	10379.27	100.3	13	1	initial	
2026-06-02T23:51:32	216.34	10390.99	10379.27	99.6	13	1	initial	
2026-06-02T23:51:34	217.5	10390.99	10379.27	100.5	13	1	initial	
2026-06-02T23:51:35	218.66	10390.99	10379.27	99.4	13	1	initial	
2026-06-02T23:51:36	219.79	10390.99	10379.27	100.0	13	1	initial	
2026-06-02T23:51:37	220.94	10390.99	10379.27	100.3	13	1	initial	
2026-06-02T23:51:38	222.1	10390.99	10379.27	100.3	13	1	initial	
2026-06-02T23:51:39	223.26	10390.99	10379.27	99.4	13	1	initial	
2026-06-02T23:51:40	224.37	10390.99	10379.27	100.0	13	1	initial	
2026-06-02T23:51:41	225.47	10390.99	10379.27	100.0	13	1	initial	
2026-06-02T23:51:43	226.63	10390.99	10379.27	100.6	13	1	initial	
2026-06-02T23:51:44	227.8	10390.99	10379.27	99.4	13	1	initial	
2026-06-02T23:51:45	228.95	10390.99	10379.27	100.3	13	1	initial	
2026-06-02T23:51:46	230.11	10390.99	10379.27	100.2	13	1	initial	
2026-06-02T23:51:47	231.27	10390.99	10379.27	100.2	13	1	initial	
2026-06-02T23:51:48	232.39	10390.99	10379.27	99.7	13	1	initial	
2026-06-02T23:51:50	233.51	10390.99	10379.27	100.2	13	1	initial	
2026-06-02T23:51:51	234.67	10390.99	10379.27	99.3	13	1	initial	
2026-06-02T23:51:52	235.83	10390.99	10379.27	100.1	13	1	initial	
2026-06-02T23:51:53	236.98	10390.99	10379.27	100.1	13	1	initial	
2026-06-02T23:51:54	238.15	10390.99	10379.27	100.5	13	1	initial	
2026-06-02T23:51:55	239.31	10390.99	10379.27	99.3	13	1	initial	
2026-06-02T23:51:56	240.46	10390.99	10379.27	100.2	13	1	initial	
2026-06-02T23:51:58	241.62	10390.99	10379.27	100.1	13	1	initial	
2026-06-02T23:51:59	242.78	10390.99	10379.27	100.1	13	1	initial	
2026-06-02T23:52:00	243.94	10390.99	10379.27	99.7	13	1	initial	
2026-06-02T23:52:01	245.09	10390.99	10379.27	100.3	13	1	initial	
2026-06-02T23:52:02	246.23	10390.99	10379.27	100.1	13	1	initial	
2026-06-02T23:52:03	247.39	10390.99	10379.27	100.3	13	1	initial	
2026-06-02T23:52:05	248.55	10390.99	10379.27	99.8	13	1	initial	
2026-06-02T23:52:06	249.72	10390.99	10379.27	99.4	13	1	initial	
2026-06-02T23:52:07	250.88	10390.99	10379.27	100.3	13	1	initial	
2026-06-02T23:52:08	252.05	10390.99	10379.27	100.4	13	1	initial	
2026-06-02T23:52:09	253.21	10390.99	10379.27	99.5	13	1	initial	
2026-06-02T23:52:10	254.38	10390.99	10379.27	100.3	13	1	initial	
2026-06-02T23:52:12	255.55	10390.99	10379.27	100.2	13	1	initial	
2026-06-02T23:52:13	256.71	10390.99	10379.27	99.5	13	1	initial	
2026-06-02T23:52:14	257.88	10390.99	10379.27	100.4	13	1	initial	
2026-06-02T23:52:15	259.04	10390.99	10379.27	99.6	13	1	initial	
2026-06-02T23:52:16	260.21	10390.99	10379.27	100.4	13	1	initial	
2026-06-02T23:52:17	261.38	10390.99	10379.27	99.3	13	1	initial	
2026-06-02T23:52:19	262.54	10390.99	10381.27	100.4	13	1	initial	
2026-06-02T23:52:20	263.71	10390.99	10381.08	100.3	13	1	initial	
2026-06-02T23:52:21	264.87	10390.99	10380.93	99.5	13	1	initial	
2026-06-02T23:52:22	266.03	10390.99	10380.64	100.2	13	1	initial	
2026-06-02T23:52:23	267.2	10390.99	10379.94	100.4	13	1	initial	
2026-06-02T23:52:24	268.36	10390.99	10379.64	99.6	13	1	initial	
2026-06-02T23:52:26	269.53	10390.99	10379.27	100.2	13	1	initial	
2026-06-02T23:52:27	270.7	10390.99	10379.21	99.5	13	1	initial	
2026-06-02T23:52:28	271.86	10390.99	10379.18	100.2	13	1	initial	
2026-06-02T23:52:29	273.07	10390.99	10379.18	100.2	13	1	initial	
2026-06-02T23:52:30	274.24	10390.99	10378.26	100.3	13	1	initial	
2026-06-02T23:52:31	275.4	10390.99	10378.26	99.5	13	1	initial	
2026-06-02T23:52:33	276.57	10390.99	10378.26	100.3	13	1	initial	
2026-06-02T23:52:34	277.74	10390.99	10378.26	100.3	13	1	initial	
2026-06-02T23:52:35	278.9	10390.99	10378.26	99.6	13	1	initial	
2026-06-02T23:52:36	280.07	10390.99	10378.26	99.7	13	1	initial	
2026-06-02T23:52:37	281.23	10390.99	10381.05	100.2	13	1	initial	
2026-06-02T23:52:38	282.4	10390.99	10380.9	100.1	13	1	initial	
2026-06-02T23:52:40	283.57	10390.99	10380.61	99.5	13	1	initial	
2026-06-02T23:52:41	284.74	10390.99	10380.61	100.1	13	1	initial	
2026-06-02T23:52:42	285.9	10390.99	10379.8	100.4	13	1	initial	
2026-06-02T23:52:43	287.07	10390.99	10379.24	100.2	13	1	initial	
2026-06-02T23:52:44	288.24	10390.99	10379.18	99.5	13	1	initial	
2026-06-02T23:52:45	289.4	10390.99	10379.15	100.3	13	1	initial	
2026-06-02T23:52:47	290.59	10390.99	10379.15	99.7	13	1	initial	
2026-06-02T23:52:48	291.76	10390.99	10378.23	100.5	13	1	initial	
2026-06-02T23:52:49	292.93	10390.99	10378.23	99.5	13	1	initial	
2026-06-02T23:52:50	294.09	10390.99	10378.23	100.4	13	1	initial	
2026-06-02T23:52:51	295.26	10390.99	10378.23	99.6	13	1	initial	
2026-06-02T23:52:52	296.42	10390.99	10378.23	100.4	13	1	initial	
2026-06-02T23:52:54	297.59	10390.99	10384.43	99.7	13	1	initial	
2026-06-02T23:52:55	298.75	10390.99	10384.43	100.6	13	1	initial	
2026-06-02T23:52:56	299.91	10390.99	10384.43	99.6	13	1	initial	
2026-06-02T23:52:57	301.08	10390.99	10381.2	100.2	13	1	initial	
2026-06-02T23:52:58	302.25	10390.99	10380.96	100.1	13	1	initial	
2026-06-02T23:52:59	303.42	10390.99	10380.55	99.5	13	1	initial	
2026-06-02T23:53:01	304.58	10390.99	10379.67	100.2	13	1	initial	
2026-06-02T23:53:02	305.75	10390.99	10379.48	100.1	13	1	initial	
2026-06-02T23:53:03	306.92	10390.99	10379.41	100.2	13	1	initial	
2026-06-02T23:53:04	308.09	10390.99	10379.41	99.3	13	1	initial	
2026-06-02T23:53:05	309.27	10390.99	10379.41	97.9	13	1	initial	
2026-06-02T23:53:06	310.44	10390.99	10379.29	100.3	13	1	initial	
2026-06-02T23:53:08	311.61	10390.99	10379.29	99.5	13	1	initial	
2026-06-02T23:53:09	312.77	10390.99	10379.29	100.3	13	1	initial	
2026-06-02T23:53:10	313.94	10390.99	10379.29	99.5	13	1	initial	
2026-06-02T23:53:11	315.1	10390.99	10379.29	100.4	13	1	initial	
2026-06-02T23:53:12	316.27	10390.99	10379.29	100.3	13	1	initial	
2026-06-02T23:53:13	317.44	10390.99	10379.29	99.4	13	1	initial	
2026-06-02T23:53:15	318.6	10390.99	10379.29	100.2	13	1	initial	
2026-06-02T23:53:16	319.77	10390.99	10379.29	100.2	13	1	initial	
2026-06-02T23:53:17	320.94	10390.99	10379.29	100.0	13	1	initial	
2026-06-02T23:53:18	322.09	10390.99	10379.29	99.8	13	1	initial	
2026-06-02T23:53:19	323.26	10390.99	10379.29	100.3	13	1	initial	
2026-06-02T23:53:20	324.43	10390.99	10379.29	99.4	13	1	initial	
2026-06-02T23:53:22	325.59	10390.99	10379.29	100.3	13	1	initial	
2026-06-02T23:53:23	326.76	10390.99	10379.29	100.3	13	1	initial	
2026-06-02T23:53:24	327.93	10390.99	10379.29	99.4	13	1	initial	
2026-06-02T23:53:25	329.09	10390.99	10379.29	100.4	13	1	initial	
2026-06-02T23:53:26	330.26	10390.99	10379.29	99.5	13	1	initial	
2026-06-02T23:53:27	331.41	10390.99	10379.29	100.4	13	1	initial	
2026-06-02T23:53:29	332.58	10390.99	10379.29	99.6	13	1	initial	
2026-06-02T23:53:30	333.74	10390.99	10379.29	100.4	13	1	initial	
2026-06-02T23:53:31	334.91	10390.99	10379.29	99.6	13	1	initial	
2026-06-02T23:53:32	336.07	10390.99	10379.29	100.4	13	1	initial	
2026-06-02T23:53:33	337.24	10390.99	10379.29	99.5	13	1	initial	
2026-06-02T23:53:34	338.4	10390.99	10379.29	100.4	13	1	initial	
2026-06-02T23:53:36	339.57	10390.99	10379.29	99.5	13	1	initial	
2026-06-02T23:53:37	340.73	10390.99	10379.29	100.4	13	1	initial	
2026-06-02T23:53:38	341.9	10390.99	10379.29	99.5	13	1	initial	
2026-06-02T23:53:39	343.07	10390.99	10379.29	100.4	13	1	initial	
2026-06-02T23:53:40	344.23	10390.99	10379.29	100.4	13	1	initial	
2026-06-02T23:53:41	345.4	10390.99	10379.29	99.4	13	1	initial	
2026-06-02T23:53:43	346.57	10390.99	10379.29	100.4	13	1	initial	
2026-06-02T23:53:44	347.73	10390.99	10379.29	100.3	13	1	initial	
2026-06-02T23:53:45	348.9	10390.99	10379.29	99.5	13	1	initial	
2026-06-02T23:53:46	350.06	10390.99	10379.29	100.4	13	1	initial	
2026-06-02T23:53:47	351.23	10390.99	10379.29	99.5	13	1	initial	
2026-06-02T23:53:48	352.39	10390.99	10379.29	100.3	13	1	initial	
2026-06-02T23:53:50	353.56	10390.99	10379.29	99.5	13	1	initial	
2026-06-02T23:53:51	354.73	10390.99	10379.29	100.3	13	1	initial	
2026-06-02T23:53:52	355.89	10390.99	10379.29	99.7	13	1	initial	
2026-06-02T23:53:53	357.06	10390.99	10379.29	100.5	13	1	initial	
2026-06-02T23:53:54	358.22	10390.99	10379.29	100.3	13	1	initial	
2026-06-02T23:53:55	359.39	10390.99	10379.29	99.4	13	1	initial	
2026-06-02T23:53:57	360.55	10390.99	10379.29	100.4	13	1	initial	
2026-06-02T23:53:58	361.72	10390.99	10379.29	99.5	13	1	initial	
2026-06-02T23:53:59	362.89	10390.99	10379.29	100.4	13	1	initial	
2026-06-02T23:54:00	364.06	10390.99	10379.29	99.6	13	1	initial	
2026-06-02T23:54:01	365.23	10390.99	10379.29	100.4	13	1	initial	
2026-06-02T23:54:02	366.39	10390.99	10379.29	99.5	13	1	initial	
2026-06-02T23:54:04	367.56	10390.99	10379.29	100.3	13	1	initial	
2026-06-02T23:54:05	368.72	10390.99	10379.29	100.3	13	1	initial	
2026-06-02T23:54:06	369.89	10390.99	10379.29	99.5	13	1	initial	
2026-06-02T23:54:07	371.06	10390.99	10379.29	100.4	13	1	initial	
2026-06-02T23:54:08	372.22	10390.99	10379.29	100.3	13	1	initial	
2026-06-02T23:54:09	373.39	10390.99	10379.29	99.5	13	1	initial	
2026-06-02T23:54:11	374.55	10390.99	10379.29	100.4	13	1	initial	
2026-06-02T23:54:12	375.72	10390.99	10379.29	99.4	13	1	initial	
2026-06-02T23:54:13	376.89	10390.99	10379.29	100.3	13	1	initial	
2026-06-02T23:54:14	378.05	10390.99	10379.29	100.2	13	1	initial	
2026-06-02T23:54:15	379.23	10390.6	10378.89	100.0	13	1	initial	
2026-06-02T23:54:16	380.39	10390.6	10378.89	100.0	13	1	initial	
2026-06-02T23:54:18	381.52	10390.57	10378.87	99.6	13	1	initial	
2026-06-02T23:54:19	382.69	10390.57	10380.68	100.3	13	1	initial	
2026-06-02T23:54:20	383.85	10390.57	10380.53	100.2	13	1	initial	
2026-06-02T23:54:21	385.02	10390.57	10380.24	99.3	13	1	initial	
2026-06-02T23:54:22	386.19	10390.57	10379.49	100.0	13	1	initial	
2026-06-02T23:54:23	387.36	10390.57	10378.99	100.1	13	1	initial	
2026-06-02T23:54:25	388.53	10390.57	10378.81	100.0	13	1	initial	
2026-06-02T23:54:26	389.7	10390.57	10378.79	100.0	13	1	initial	
2026-06-02T23:54:27	390.87	10390.57	10378.78	100.7	13	1	initial	
2026-06-02T23:54:28	392.04	10390.57	10378.76	99.2	13	1	initial	
2026-06-02T23:54:29	393.21	10390.57	10377.86	100.2	13	1	initial	
2026-06-02T23:54:30	394.38	10390.57	10377.86	100.3	13	1	initial	
2026-06-02T23:54:32	395.54	10390.57	10377.86	100.2	13	1	initial	
2026-06-02T23:54:33	396.71	10390.57	10377.86	99.4	13	1	initial	
2026-06-02T23:54:34	397.88	10390.57	10377.86	100.2	13	1	initial	
2026-06-02T23:54:35	399.05	10390.57	10380.97	100.3	13	1	initial	
2026-06-02T23:54:36	400.21	10390.57	10380.67	99.3	13	1	initial	
2026-06-02T23:54:37	401.38	10390.57	10380.26	100.1	13	1	initial	
2026-06-02T23:54:39	402.55	10390.57	10380.26	100.0	13	1	initial	
2026-06-02T23:54:40	403.72	10390.57	10379.25	100.2	13	1	initial	
2026-06-02T23:54:41	404.86	10390.57	10378.82	99.7	13	1	initial	
2026-06-02T23:54:42	406.03	10390.57	10378.8	100.7	13	1	initial	
2026-06-02T23:54:43	407.21	10390.57	10378.8	99.7	13	1	initial	
2026-06-02T23:54:44	408.38	10390.57	10377.88	100.1	13	1	initial	
2026-06-02T23:54:46	409.55	10390.57	10377.88	100.1	13	1	initial	
2026-06-02T23:54:47	410.71	10390.57	10377.88	100.1	13	1	initial	
2026-06-02T23:54:48	411.88	10390.57	10377.88	99.3	13	1	initial	
2026-06-02T23:54:49	413.05	10390.57	10377.88	100.2	13	1	initial	
2026-06-02T23:54:50	414.22	10390.57	10377.88	100.3	13	1	initial	
2026-06-02T23:54:51	415.39	10390.57	10377.88	100.0	13	1	initial	
2026-06-02T23:54:53	416.56	10390.57	10377.88	100.0	13	1	initial	
2026-06-02T23:54:54	417.73	10390.57	10384.02	99.4	13	1	initial	
2026-06-02T23:54:55	418.9	10390.57	10384.02	100.2	13	1	initial	
2026-06-02T23:54:56	420.07	10390.88	10384.32	99.9	13	1	initial	
2026-06-02T23:54:57	421.24	10390.88	10381.08	100.0	13	1	initial	
2026-06-02T23:54:58	422.41	10390.88	10380.99	100.1	13	1	initial	
2026-06-02T23:55:00	423.52	10390.88	10380.84	99.9	13	1	initial	
2026-06-02T23:55:01	424.69	10390.88	10380.43	100.1	13	1	initial	
2026-06-02T23:55:02	425.86	10390.88	10379.81	100.0	13	1	initial	
2026-06-02T23:55:03	427.03	10390.88	10379.36	99.9	13	1	initial	
2026-06-02T23:55:04	428.2	10390.88	10379.36	99.9	13	1	initial	
2026-06-02T23:55:05	429.37	10390.88	10379.3	99.8	13	1	initial	
2026-06-02T23:55:07	430.54	10390.88	10379.3	100.1	13	1	initial	
2026-06-02T23:55:08	431.72	10390.88	10379.3	100.4	13	1	initial	
2026-06-02T23:55:09	432.89	10390.88	10379.16	99.2	13	1	initial	
2026-06-02T23:55:10	434.06	10390.88	10379.16	100.0	13	1	initial	
2026-06-02T23:55:11	435.22	10390.88	10379.16	100.1	13	1	initial	
2026-06-02T23:55:12	436.39	10390.88	10379.16	100.1	13	1	initial	
2026-06-02T23:55:14	437.56	10390.88	10379.16	100.1	13	1	initial	
2026-06-02T23:55:15	438.73	10390.88	10379.16	100.5	13	1	initial	
2026-06-02T23:55:16	439.9	10390.88	10379.16	100.0	13	1	initial	
2026-06-02T23:55:17	441.07	10390.88	10379.16	99.3	13	1	initial	
2026-06-02T23:55:18	442.24	10390.88	10379.16	100.2	13	1	initial	
2026-06-02T23:55:19	443.41	10390.88	10379.16	100.1	13	1	initial	
2026-06-02T23:55:21	444.58	10390.88	10379.16	100.3	13	1	initial	
2026-06-02T23:55:22	445.74	10390.88	10379.16	99.3	13	1	initial	
2026-06-02T23:55:23	446.92	10390.88	10379.16	99.9	13	1	initial	
2026-06-02T23:55:24	448.08	10390.88	10379.16	100.1	13	1	initial	
2026-06-02T23:55:25	449.25	10390.88	10379.16	100.2	13	1	initial	
2026-06-02T23:55:26	450.42	10390.88	10379.16	100.1	13	1	initial	
2026-06-02T23:55:28	451.59	10390.88	10379.16	100.0	13	1	initial	
2026-06-02T23:55:29	452.76	10390.88	10379.16	100.1	13	1	initial	
2026-06-02T23:55:30	453.93	10390.88	10379.16	100.2	13	1	initial	
2026-06-02T23:55:31	455.1	10390.88	10379.16	100.1	13	1	initial	
2026-06-02T23:55:32	456.26	10390.88	10379.16	99.7	13	1	initial	
2026-06-02T23:55:33	457.43	10390.88	10379.16	100.1	13	1	initial	
2026-06-02T23:55:35	458.6	10390.88	10379.16	100.2	13	1	initial	
2026-06-02T23:55:36	459.77	10390.88	10379.16	100.0	13	1	initial	
2026-06-02T23:55:37	460.93	10390.88	10379.16	99.3	13	1	initial	
2026-06-02T23:55:38	462.1	10390.88	10379.16	100.0	13	1	initial	
2026-06-02T23:55:39	463.27	10390.88	10379.16	100.1	13	1	initial	
2026-06-02T23:55:40	464.44	10390.88	10379.16	100.2	13	1	initial	
2026-06-02T23:55:42	465.61	10390.88	10379.16	99.7	13	1	initial	
2026-06-02T23:55:43	466.77	10390.88	10379.16	100.2	13	1	initial	
2026-06-02T23:55:44	467.94	10390.88	10379.16	100.1	13	1	initial	
2026-06-02T23:55:45	469.11	10390.88	10379.16	100.1	13	1	initial	
2026-06-02T23:55:46	470.27	10390.88	10379.16	99.7	13	1	initial	
2026-06-02T23:55:47	471.4	10390.88	10379.16	100.4	13	1	initial	
2026-06-02T23:55:49	472.56	10390.88	10379.16	99.9	13	1	initial	
2026-06-02T23:55:50	473.72	10390.88	10379.16	99.9	13	1	initial	
2026-06-02T23:55:51	474.88	10390.88	10379.16	99.9	13	1	initial	
2026-06-02T23:55:52	476.04	10390.88	10379.16	100.2	13	1	initial	
2026-06-02T23:55:53	477.2	10390.88	10379.16	99.8	13	1	initial	
2026-06-02T23:55:54	478.34	10390.88	10379.16	100.1	13	1	initial	
2026-06-02T23:55:56	479.5	10390.88	10379.16	99.9	13	1	initial	
2026-06-02T23:55:57	480.67	10390.88	10379.16	100.3	13	1	initial	
2026-06-02T23:55:58	481.84	10390.88	10379.16	99.4	13	1	initial	
2026-06-02T23:55:59	483.0	10390.88	10379.16	100.7	13	1	initial	
2026-06-02T23:56:00	484.16	10390.88	10379.16	99.6	13	1	initial	
2026-06-02T23:56:01	485.33	10390.88	10379.16	100.3	13	1	initial	
2026-06-02T23:56:03	486.49	10390.88	10379.16	99.5	13	1	initial	
2026-06-02T23:56:04	487.6	10390.88	10379.16	99.9	13	1	initial	
2026-06-02T23:56:05	488.74	10390.88	10379.16	100.2	13	1	initial	
2026-06-02T23:56:06	489.91	10390.88	10379.16	100.3	13	1	initial	
2026-06-02T23:56:07	491.07	10390.88	10379.16	99.5	13	1	initial	
2026-06-02T23:56:08	492.24	10390.88	10379.16	100.2	13	1	initial	
2026-06-02T23:56:09	493.41	10390.88	10379.16	100.2	13	1	initial	
2026-06-02T23:56:11	494.57	10390.88	10379.16	100.0	13	1	initial	
2026-06-02T23:56:12	495.73	10390.88	10379.16	100.0	13	1	initial	
2026-06-02T23:56:13	496.9	10390.88	10379.16	100.2	13	1	initial	
2026-06-02T23:56:14	498.06	10390.88	10379.16	100.0	13	1	initial	
2026-06-02T23:56:15	499.22	10390.88	10379.16	99.9	13	1	initial	
2026-06-02T23:56:16	500.39	10390.88	10379.16	100.2	13	1	initial	
2026-06-02T23:56:18	501.52	10390.88	10379.16	99.6	13	1	initial	
2026-06-02T23:56:19	502.69	10390.88	10379.16	100.1	13	1	initial	
2026-06-02T23:56:20	503.86	10390.88	10379.16	100.2	13	1	initial	
2026-06-02T23:56:21	505.03	10390.57	10378.84	99.3	13	1	initial	
2026-06-02T23:56:22	506.18	10390.57	10378.84	100.1	13	1	initial	
2026-06-02T23:56:23	507.35	10390.57	10378.84	100.0	13	1	initial	
2026-06-02T23:56:25	508.5	10390.57	10380.76	100.1	13	1	initial	
2026-06-02T23:56:26	509.66	10390.57	10380.66	100.0	13	1	initial	
2026-06-02T23:56:27	510.83	10390.57	10380.23	100.4	13	1	initial	
2026-06-02T23:56:28	511.99	10390.57	10379.53	100.1	13	1	initial	
2026-06-02T23:56:29	513.15	10390.57	10379.22	99.3	13	1	initial	
2026-06-02T23:56:30	514.27	10390.57	10378.8	100.8	13	1	initial	
2026-06-02T23:56:31	515.43	10390.57	10378.78	99.3	13	1	initial	
2026-06-02T23:56:33	516.6	10390.57	10378.77	100.4	13	1	initial	
2026-06-02T23:56:34	517.76	10390.57	10378.75	99.8	13	1	initial	
2026-06-02T23:56:35	518.92	10390.57	10377.86	100.1	13	1	initial	
2026-06-02T23:56:36	520.08	10390.57	10377.86	100.0	13	1	initial	
2026-06-02T23:56:37	521.24	10390.57	10377.86	100.0	13	1	initial	
2026-06-02T23:56:38	522.4	10390.57	10377.86	100.0	13	1	initial	
2026-06-02T23:56:40	523.56	10390.57	10377.86	100.0	13	1	initial	
2026-06-02T23:56:41	524.72	10390.57	10380.85	99.2	13	1	initial	
2026-06-02T23:56:42	525.88	10390.57	10380.66	100.0	13	1	initial	
2026-06-02T23:56:43	527.04	10390.57	10380.5	100.0	13	1	initial	
2026-06-02T23:56:44	528.2	10390.57	10380.23	100.1	13	1	initial	
2026-06-02T23:56:45	529.36	10390.57	10379.45	100.2	13	1	initial	
2026-06-02T23:56:47	530.52	10390.57	10378.93	100.2	13	1	initial	
2026-06-02T23:56:48	531.68	10390.57	10378.8	100.0	13	1	initial	
2026-06-02T23:56:49	532.85	10390.57	10378.78	99.6	13	1	initial	
2026-06-02T23:56:50	533.99	10390.57	10378.77	100.4	13	1	initial	
2026-06-02T23:56:51	535.17	10390.57	10377.85	100.7	13	1	initial	
2026-06-02T23:56:52	536.33	10390.57	10377.85	100.1	13	1	initial	
2026-06-02T23:56:54	537.48	10390.57	10377.85	99.3	13	1	initial	
2026-06-02T23:56:55	538.61	10390.57	10377.85	100.3	13	1	initial	
2026-06-02T23:56:56	539.78	10390.57	10377.85	100.2	13	1	initial	
2026-06-02T23:56:57	540.95	10390.57	10384.01	99.4	13	1	initial	
2026-06-02T23:56:58	542.08	10390.57	10384.01	100.5	13	1	initial	
2026-06-02T23:56:59	543.18	10390.57	10384.01	100.0	13	1	initial	
2026-06-02T23:57:00	544.34	10390.57	10380.82	100.1	13	1	initial	
2026-06-02T23:57:02	545.5	10390.57	10380.59	100.0	13	1	initial	
2026-06-02T23:57:03	546.66	10390.57	10380.29	100.1	13	1	initial	
2026-06-02T23:57:04	547.82	10390.57	10379.32	99.3	13	1	initial	
2026-06-02T23:57:05	548.94	10390.57	10379.12	100.8	13	1	initial	
2026-06-02T23:57:06	550.06	10390.57	10379.06	100.0	13	1	initial	
2026-06-02T23:57:07	551.17	10390.57	10379.06	99.2	13	1	initial	
2026-06-02T23:57:08	552.32	10390.57	10379.06	100.7	13	1	initial	
2026-06-02T23:57:10	553.48	10390.57	10378.92	100.0	13	1	initial	
2026-06-02T23:57:11	554.64	10390.57	10378.92	99.2	13	1	initial	
2026-06-02T23:57:12	555.81	10390.57	10378.92	100.2	13	1	initial	
2026-06-02T23:57:13	556.97	10390.57	10378.92	100.2	13	1	initial	
2026-06-02T23:57:14	558.13	10390.57	10378.92	100.2	13	1	initial	
2026-06-02T23:57:15	559.29	10390.57	10378.92	99.4	13	1	initial	
2026-06-02T23:57:16	560.41	10390.57	10378.92	100.5	13	1	initial	
2026-06-02T23:57:18	561.57	10390.57	10378.92	100.0	13	1	initial	
2026-06-02T23:57:19	562.73	10390.57	10378.92	99.3	13	1	initial	
2026-06-02T23:57:20	563.9	10390.57	10378.92	100.5	13	1	initial	
2026-06-02T23:57:21	565.0	10390.57	10378.92	99.9	13	1	initial	
2026-06-02T23:57:22	566.16	10390.57	10378.92	99.8	13	1	initial	
2026-06-02T23:57:23	567.3	10390.57	10378.92	99.8	13	1	initial	
2026-06-02T23:57:25	568.47	10390.57	10378.92	99.2	13	1	initial	
2026-06-02T23:57:26	569.63	10390.57	10378.92	100.1	13	1	initial	
2026-06-02T23:57:27	570.79	10390.57	10378.92	99.9	13	1	initial	
2026-06-02T23:57:28	571.95	10390.57	10378.92	99.9	13	1	initial	
2026-06-02T23:57:29	573.11	10390.57	10378.92	100.6	13	1	initial	
2026-06-02T23:57:30	574.27	10390.57	10378.92	100.1	13	1	initial	
2026-06-02T23:57:31	575.43	10390.57	10378.92	99.3	13	1	initial	
2026-06-02T23:57:33	576.59	10390.57	10378.92	100.2	13	1	initial	
2026-06-02T23:57:34	577.75	10390.57	10378.92	100.1	13	1	initial	
2026-06-02T23:57:35	578.9	10390.57	10378.92	100.2	13	1	initial	
2026-06-02T23:57:36	580.06	10390.57	10378.92	100.0	13	1	initial	
2026-06-02T23:57:37	581.22	10390.57	10378.92	100.0	13	1	initial	
2026-06-02T23:57:38	582.38	10390.57	10378.92	100.1	13	1	initial	
2026-06-02T23:57:40	583.54	10390.57	10378.92	99.3	13	1	initial	
2026-06-02T23:57:41	584.7	10390.57	10378.92	100.2	13	1	initial	
2026-06-02T23:57:42	585.86	10390.57	10378.92	100.2	13	1	initial	
2026-06-02T23:57:43	587.02	10390.57	10378.92	100.0	13	1	initial	
2026-06-02T23:57:44	588.17	10390.57	10378.92	100.1	13	1	initial	
2026-06-02T23:57:45	589.33	10390.57	10378.92	100.1	13	1	initial	
2026-06-02T23:57:47	590.49	10390.57	10378.92	100.1	13	1	initial	
2026-06-02T23:57:48	591.65	10390.57	10378.92	100.0	13	1	initial	
2026-06-02T23:57:49	592.81	10390.57	10378.92	100.0	13	1	initial	
2026-06-02T23:57:50	593.97	10390.57	10378.92	100.0	13	1	initial	
2026-06-02T23:57:51	595.13	10390.57	10378.92	100.0	13	1	initial	
2026-06-02T23:57:52	596.29	10390.57	10378.92	100.0	13	1	initial	
2026-06-02T23:57:53	597.45	10390.57	10378.92	100.1	13	1	initial	
2026-06-02T23:57:55	598.62	10390.57	10378.92	99.5	13	1	initial	
2026-06-02T23:57:56	599.78	10390.57	10378.92	100.4	13	1	initial	
2026-06-02T23:57:57	600.95	10390.57	10378.92	99.7	13	1	initial	
2026-06-02T23:57:58	602.11	10390.57	10378.92	99.5	13	1	initial	
2026-06-02T23:57:59	603.27	10390.57	10378.92	100.0	13	1	initial	
2026-06-02T23:58:00	604.43	10390.57	10378.92	100.1	13	1	initial	
2026-06-02T23:58:02	605.59	10390.57	10378.92	100.1	13	1	initial	
2026-06-02T23:58:03	606.75	10390.57	10378.92	100.4	13	1	initial	
2026-06-02T23:58:04	607.92	10390.57	10378.92	99.5	13	1	initial	
2026-06-02T23:58:05	609.08	10390.57	10378.92	99.9	13	1	initial	
2026-06-02T23:58:06	610.24	10390.57	10378.92	100.0	13	1	initial	
2026-06-02T23:58:07	611.4	10390.57	10378.92	100.0	13	1	initial	
2026-06-02T23:58:09	612.56	10390.57	10378.92	100.0	13	1	initial	
2026-06-02T23:58:10	613.67	10390.57	10378.92	100.5	13	1	initial	
2026-06-02T23:58:11	614.83	10390.57	10378.92	99.5	13	1	initial	
2026-06-02T23:58:12	616.0	10390.57	10378.92	100.4	13	1	initial	
2026-06-02T23:58:13	617.16	10390.57	10378.92	99.6	13	1	initial	
2026-06-02T23:58:14	618.33	10390.57	10378.92	100.4	13	1	initial	
2026-06-02T23:58:16	619.48	10390.57	10378.92	100.1	13	1	initial	
2026-06-02T23:58:17	620.64	10390.57	10378.92	100.0	13	1	initial	
2026-06-02T23:58:18	621.8	10390.57	10378.92	99.4	13	1	initial	
2026-06-02T23:58:19	622.97	10390.57	10378.92	100.2	13	1	initial	
2026-06-02T23:58:20	624.13	10390.57	10378.92	100.5	13	1	initial	
2026-06-02T23:58:21	625.3	10390.57	10378.92	99.3	13	1	initial	
2026-06-02T23:58:23	626.47	10390.57	10378.92	100.1	13	1	initial	
2026-06-02T23:58:24	627.64	10390.57	10380.76	100.0	13	1	initial	
2026-06-02T23:58:25	628.81	10390.57	10380.66	100.0	13	1	initial	
2026-06-02T23:58:26	629.98	10390.57	10380.43	100.2	13	1	initial	
2026-06-02T23:58:27	631.15	10390.57	10380.25	100.0	13	1	initial	
2026-06-02T23:58:28	632.32	10390.57	10379.44	99.6	13	1	initial	
2026-06-02T23:58:30	633.49	10390.57	10378.82	100.2	13	1	initial	
2026-06-02T23:58:31	634.66	10390.57	10378.8	100.1	13	1	initial	
2026-06-02T23:58:32	635.83	10390.57	10378.79	100.0	13	1	initial	
2026-06-02T23:58:33	637.0	10390.57	10378.77	99.8	13	1	initial	
2026-06-02T23:58:34	638.17	10390.57	10377.87	100.0	13	1	initial	
2026-06-02T23:58:35	639.34	10390.57	10377.87	100.2	13	1	initial	
2026-06-02T23:58:37	640.51	10390.57	10377.87	100.2	13	1	initial	
2026-06-02T23:58:38	641.67	10390.57	10377.87	99.4	13	1	initial	
2026-06-02T23:58:39	642.84	10390.57	10377.87	100.3	13	1	initial	
2026-06-02T23:58:40	644.0	10390.57	10380.65	100.0	13	1	initial	
2026-06-02T23:58:41	645.17	10390.57	10380.48	100.2	13	1	initial	
2026-06-02T23:58:42	646.34	10390.57	10380.21	100.2	13	1	initial	
2026-06-02T23:58:44	647.51	10390.57	10379.41	100.0	13	1	initial	
2026-06-02T23:58:45	648.67	10390.57	10378.85	99.3	13	1	initial	
2026-06-02T23:58:46	649.84	10390.57	10378.79	100.7	13	1	initial	
2026-06-02T23:58:47	651.01	10390.57	10378.76	100.0	13	1	initial	
2026-06-02T23:58:48	652.17	10390.57	10377.84	99.8	13	1	initial	
2026-06-02T23:58:49	653.33	10390.57	10377.84	100.1	13	1	initial	
2026-06-02T23:58:51	654.49	10390.57	10377.84	100.0	13	1	initial	
2026-06-02T23:58:52	655.65	10390.57	10377.84	99.9	13	1	initial	
2026-06-02T23:58:53	656.82	10390.57	10377.84	99.4	13	1	initial	
2026-06-02T23:58:54	657.97	10390.57	10377.84	100.1	13	1	initial	
2026-06-02T23:58:55	659.14	10390.57	10384.01	100.4	13	1	initial	
2026-06-02T23:58:56	660.31	10390.57	10384.01	100.3	13	1	initial	
2026-06-02T23:58:58	661.47	10390.57	10384.01	99.5	13	1	initial	
2026-06-02T23:58:59	662.64	10390.57	10380.73	100.2	13	1	initial	
2026-06-02T23:59:00	663.81	10390.57	10380.59	100.2	13	1	initial	
2026-06-02T23:59:01	664.98	10390.57	10379.65	99.9	13	1	initial	
2026-06-02T23:59:02	666.14	10390.57	10379.29	99.9	13	1	initial	
2026-06-02T23:59:03	667.29	10390.57	10379.11	99.6	13	1	initial	
2026-06-02T23:59:04	668.45	10390.57	10379.05	100.5	13	1	initial	
2026-06-02T23:59:06	669.62	10390.57	10379.05	99.3	13	1	initial	
2026-06-02T23:59:07	670.78	10390.57	10379.05	100.1	13	1	initial	
2026-06-02T23:59:08	671.95	10390.57	10378.93	100.2	13	1	initial	
2026-06-02T23:59:09	673.12	10390.57	10378.93	100.3	13	1	initial	
2026-06-02T23:59:10	674.29	10390.57	10378.93	99.4	13	1	initial	
2026-06-02T23:59:11	675.45	10390.57	10378.93	100.2	13	1	initial	
2026-06-02T23:59:13	676.62	10390.57	10378.93	100.2	13	1	initial	
2026-06-02T23:59:14	677.79	10390.57	10378.93	100.2	13	1	initial	
2026-06-02T23:59:15	678.96	10390.57	10378.93	99.4	13	1	initial	
2026-06-02T23:59:16	680.12	10390.57	10378.93	100.2	13	1	initial	
2026-06-02T23:59:17	681.29	10390.57	10378.93	100.1	13	1	initial	
2026-06-02T23:59:18	682.46	10390.57	10378.93	99.9	13	1	initial	
2026-06-02T23:59:20	683.63	10390.57	10378.93	100.2	13	1	initial	
2026-06-02T23:59:21	684.8	10390.57	10378.93	100.1	13	1	initial	
2026-06-02T23:59:22	685.97	10390.57	10378.93	100.2	13	1	initial	
2026-06-02T23:59:23	687.14	10390.57	10378.93	99.3	13	1	initial	
2026-06-02T23:59:24	688.3	10390.57	10378.93	100.2	13	1	initial	
2026-06-02T23:59:26	689.47	10390.57	10378.93	100.2	13	1	initial	
2026-06-02T23:59:27	690.64	10390.57	10378.93	99.9	13	1	initial	
2026-06-02T23:59:28	691.81	10390.57	10378.93	100.1	13	1	initial	
2026-06-02T23:59:29	692.98	10390.57	10378.93	100.2	13	1	initial	
2026-06-02T23:59:30	694.14	10390.57	10378.93	99.7	13	1	initial	
2026-06-02T23:59:31	695.28	10390.57	10378.93	100.1	13	1	initial	
2026-06-02T23:59:32	696.45	10390.57	10378.93	100.2	13	1	initial	
2026-06-02T23:59:34	697.62	10390.57	10378.93	99.4	13	1	initial	
2026-06-02T23:59:35	698.78	10390.57	10378.93	100.2	13	1	initial	
2026-06-02T23:59:36	699.95	10390.57	10378.93	100.1	13	1	initial	
2026-06-02T23:59:37	701.12	10390.57	10378.93	100.1	13	1	initial	
2026-06-02T23:59:38	702.29	10390.57	10378.93	100.3	13	1	initial	
2026-06-02T23:59:39	703.46	10390.57	10378.93	99.4	13	1	initial	
2026-06-02T23:59:41	704.62	10390.57	10378.93	100.2	13	1	initial	
2026-06-02T23:59:42	705.79	10390.57	10378.93	100.2	13	1	initial	
2026-06-02T23:59:43	706.96	10390.57	10378.93	100.3	13	1	initial	
2026-06-02T23:59:44	708.13	10390.57	10378.93	99.4	13	1	initial	
2026-06-02T23:59:45	709.29	10390.57	10378.93	100.3	13	1	initial	
2026-06-02T23:59:46	710.47	10390.57	10378.93	99.6	13	1	initial	
2026-06-02T23:59:48	711.63	10390.57	10378.93	100.2	13	1	initial	
2026-06-02T23:59:49	712.8	10390.57	10378.93	100.2	13	1	initial	
2026-06-02T23:59:50	713.97	10390.57	10378.93	100.2	13	1	initial	
2026-06-02T23:59:51	715.14	10390.57	10378.93	99.4	13	1	initial	
2026-06-02T23:59:52	716.3	10390.57	10378.93	100.2	13	1	initial	
2026-06-02T23:59:54	717.47	10390.57	10378.93	100.3	13	1	initial	
2026-06-02T23:59:55	718.64	10390.57	10378.93	100.3	13	1	initial	
2026-06-02T23:59:56	719.8	10390.57	10378.93	99.4	13	1	initial	
2026-06-02T23:59:57	720.97	10390.57	10378.93	100.2	13	1	initial	
2026-06-02T23:59:58	722.14	10390.57	10378.93	100.2	13	1	initial	
2026-06-02T23:59:59	723.31	10390.57	10378.93	100.0	13	1	initial	
2026-06-03T00:00:01	724.48	10390.57	10378.93	100.1	13	1	initial	
2026-06-03T00:00:02	725.65	10390.57	10378.93	99.3	13	1	initial	
2026-06-03T00:00:03	726.82	10390.57	10378.93	100.1	13	1	initial	
2026-06-03T00:00:04	727.98	10390.57	10378.93	100.1	13	1	initial	
2026-06-03T00:00:05	729.15	10390.57	10378.93	100.2	13	1	initial	
2026-06-03T00:00:06	730.32	10390.57	10378.93	100.2	13	1	initial	
2026-06-03T00:00:08	731.49	10390.57	10378.93	99.9	13	1	initial	
2026-06-03T00:00:09	732.66	10390.57	10378.93	99.9	13	1	initial	
2026-06-03T00:00:10	733.83	10390.57	10378.93	99.9	13	1	initial	
2026-06-03T00:00:11	735.0	10390.57	10378.93	99.9	13	1	initial	
2026-06-03T00:00:12	736.18	10390.57	10378.93	99.8	13	1	initial	
2026-06-03T00:00:13	737.35	10390.57	10378.93	100.0	13	1	initial	
2026-06-03T00:00:15	738.51	10390.57	10378.93	100.5	13	1	initial	
2026-06-03T00:00:16	739.62	10390.57	10378.93	99.6	13	1	initial	
2026-06-03T00:00:17	740.79	10390.57	10378.93	100.4	13	1	initial	
2026-06-03T00:00:18	741.96	10390.57	10378.93	99.8	13	1	initial	
2026-06-03T00:00:19	743.13	10390.57	10380.53	100.0	13	1	initial	
2026-06-03T00:00:20	744.27	10390.57	10380.35	100.4	13	1	initial	
2026-06-03T00:00:21	745.44	10390.57	10380.18	99.9	13	1	initial	
2026-06-03T00:00:23	746.61	10390.57	10379.91	99.7	13	1	initial	
2026-06-03T00:00:24	747.78	10390.57	10379.36	99.8	13	1	initial	
2026-06-03T00:00:25	748.96	10390.57	10378.86	99.8	13	1	initial	
2026-06-03T00:00:26	750.13	10390.57	10378.8	100.5	13	1	initial	
2026-06-03T00:00:27	751.3	10390.57	10378.77	99.9	13	1	initial	
2026-06-03T00:00:29	752.52	10390.57	10378.75	100.1	13	1	initial	
2026-06-03T00:00:30	753.69	10390.57	10377.85	99.3	13	1	initial	
2026-06-03T00:00:31	754.85	10390.57	10377.85	99.9	13	1	initial	
2026-06-03T00:00:32	756.01	10390.57	10377.85	99.9	13	1	initial	
2026-06-03T00:00:33	757.17	10390.57	10377.85	100.8	13	1	initial	
2026-06-03T00:00:34	758.33	10390.57	10377.85	99.9	13	1	initial	
2026-06-03T00:00:36	759.5	10390.57	10380.49	99.9	13	1	initial	
2026-06-03T00:00:37	760.67	10390.57	10380.3	100.1	13	1	initial	
2026-06-03T00:00:38	761.84	10390.57	10380.15	99.2	13	1	initial	
2026-06-03T00:00:39	763.01	10390.57	10379.87	99.9	13	1	initial	
2026-06-03T00:00:40	764.18	10390.57	10379.38	100.0	13	1	initial	
2026-06-03T00:00:41	765.35	10390.57	10379.02	100.1	13	1	initial	
2026-06-03T00:00:43	766.52	10390.57	10378.75	100.5	13	1	initial	
2026-06-03T00:00:44	767.7	10390.57	10378.73	99.7	13	1	initial	
2026-06-03T00:00:45	768.87	10390.57	10378.72	99.7	13	1	initial	
2026-06-03T00:00:46	769.99	10390.57	10377.8	100.5	13	1	initial	
2026-06-03T00:00:47	771.16	10390.57	10377.8	100.1	13	1	initial	
2026-06-03T00:00:48	772.33	10390.57	10377.8	100.1	13	1	initial	
2026-06-03T00:00:50	773.5	10390.57	10377.8	99.2	13	1	initial	
2026-06-03T00:00:51	774.67	10390.57	10377.8	100.1	13	1	initial	
2026-06-03T00:00:52	775.84	10390.57	10383.26	100.0	13	1	initial	
2026-06-03T00:00:53	777.01	10390.57	10383.26	100.3	13	1	initial	
2026-06-03T00:00:54	778.17	10390.57	10383.26	100.3	13	1	initial	
2026-06-03T00:00:55	779.34	10390.57	10380.51	100.0	13	1	initial	
2026-06-03T00:00:57	780.51	10390.57	10380.42	100.0	13	1	initial	
2026-06-03T00:00:58	781.68	10390.57	10380.28	99.3	13	1	initial	
2026-06-03T00:00:59	782.85	10390.57	10379.87	100.1	13	1	initial	
2026-06-03T00:01:00	784.02	10390.57	10379.31	100.0	13	1	initial	
2026-06-03T00:01:01	785.19	10390.57	10379.12	100.0	13	1	initial	
2026-06-03T00:01:02	786.36	10390.57	10379.05	100.0	13	1	initial	
2026-06-03T00:01:04	787.53	10390.57	10379.05	100.0	13	1	initial	
2026-06-03T00:01:05	788.72	10390.57	10379.05	100.5	13	1	initial	
2026-06-03T00:01:06	789.89	10390.57	10379.05	100.0	13	1	initial	
2026-06-03T00:01:07	791.06	10390.57	10378.93	100.0	13	1	initial	
2026-06-03T00:01:08	792.23	10390.57	10378.93	100.0	13	1	initial	
2026-06-03T00:01:09	793.4	10390.57	10378.93	100.1	13	1	initial	
2026-06-03T00:01:11	794.56	10390.57	10378.93	99.9	13	1	initial	
2026-06-03T00:01:12	795.73	10390.57	10378.93	99.9	13	1	initial	
2026-06-03T00:01:13	796.89	10390.57	10378.93	99.8	13	1	initial	
2026-06-03T00:01:14	798.05	10390.57	10378.93	99.9	13	1	initial	
2026-06-03T00:01:15	799.22	10390.57	10378.93	100.0	13	1	initial	
2026-06-03T00:01:16	800.39	10390.57	10378.93	99.9	13	1	initial	
2026-06-03T00:01:18	801.56	10390.57	10378.93	100.0	13	1	initial	
2026-06-03T00:01:19	802.73	10390.57	10378.93	100.0	13	1	initial	
2026-06-03T00:01:20	803.9	10390.57	10378.93	100.0	13	1	initial	
2026-06-03T00:01:21	805.07	10390.57	10378.93	100.0	13	1	initial	
2026-06-03T00:01:22	806.23	10390.57	10378.93	99.8	13	1	initial	
2026-06-03T00:01:23	807.41	10390.57	10378.93	100.5	13	1	initial	
2026-06-03T00:01:25	808.57	10390.57	10378.93	99.9	13	1	initial	
2026-06-03T00:01:26	809.73	10390.57	10378.93	99.9	13	1	initial	
2026-06-03T00:01:27	810.89	10390.57	10378.93	100.0	13	1	initial	
2026-06-03T00:01:28	812.05	10390.57	10378.93	99.9	13	1	initial	
2026-06-03T00:01:29	813.21	10390.57	10378.93	99.9	13	1	initial	
2026-06-03T00:01:30	814.37	10390.57	10378.93	99.9	13	1	initial	
2026-06-03T00:01:32	815.53	10390.57	10378.93	100.0	13	1	initial	
2026-06-03T00:01:33	816.69	10390.57	10378.93	100.8	13	1	initial	
2026-06-03T00:01:34	817.85	10390.57	10378.93	100.0	13	1	initial	
2026-06-03T00:01:35	819.01	10390.57	10378.93	99.8	13	1	initial	
2026-06-03T00:01:36	820.18	10390.57	10378.93	99.9	13	1	initial	
2026-06-03T00:01:37	821.34	10390.57	10378.93	99.8	13	1	initial	
2026-06-03T00:01:39	822.51	10390.57	10378.93	99.9	13	1	initial	
2026-06-03T00:01:40	823.68	10390.57	10378.93	100.1	13	1	initial	
2026-06-03T00:01:41	824.85	10390.57	10378.93	100.0	13	1	initial	
2026-06-03T00:01:42	826.02	10390.57	10378.93	99.7	13	1	initial	
2026-06-03T00:01:43	827.19	10390.57	10378.93	100.0	13	1	initial	
2026-06-03T00:01:44	828.36	10390.57	10378.93	100.0	13	1	initial	
2026-06-03T00:01:46	829.53	10390.57	10378.93	100.0	13	1	initial	
2026-06-03T00:01:47	830.7	10390.57	10378.93	100.1	13	1	initial	
2026-06-03T00:01:48	831.86	10390.57	10378.93	100.7	13	1	initial	
2026-06-03T00:01:49	833.02	10390.57	10378.93	99.9	13	1	initial	
2026-06-03T00:01:50	834.19	10390.57	10378.93	100.0	13	1	initial	
2026-06-03T00:01:51	835.36	10390.57	10378.93	100.1	13	1	initial	
2026-06-03T00:01:53	836.53	10390.57	10378.93	99.7	13	1	initial	
2026-06-03T00:01:54	837.7	10390.57	10378.93	100.1	13	1	initial	
2026-06-03T00:01:55	838.86	10390.57	10378.93	100.0	13	1	initial	
2026-06-03T00:01:56	840.03	10390.57	10378.93	99.6	13	1	initial	
2026-06-03T00:01:57	841.2	10390.57	10378.93	100.0	13	1	initial	
2026-06-03T00:01:58	842.37	10390.57	10378.93	100.1	13	1	initial	
2026-06-03T00:02:00	843.54	10390.57	10378.93	100.1	13	1	initial	
2026-06-03T00:02:01	844.7	10390.57	10378.93	100.2	13	1	initial	
2026-06-03T00:02:02	845.87	10390.57	10378.93	99.4	13	1	initial	
2026-06-03T00:02:03	847.04	10390.57	10378.93	100.2	13	1	initial	
2026-06-03T00:02:04	848.21	10390.57	10378.93	100.1	13	1	initial	
2026-06-03T00:02:05	849.38	10390.57	10378.93	100.0	13	1	initial	
2026-06-03T00:02:07	850.55	10390.57	10378.93	100.0	13	1	initial	
2026-06-03T00:02:08	851.72	10390.57	10378.93	100.1	13	1	initial	
2026-06-03T00:02:09	852.89	10390.57	10378.93	100.1	13	1	initial	
2026-06-03T00:02:10	854.06	10390.57	10378.93	100.1	13	1	initial	
2026-06-03T00:02:11	855.23	10390.57	10378.93	100.0	13	1	initial	
2026-06-03T00:02:12	856.4	10390.57	10378.93	100.1	13	1	initial	
2026-06-03T00:02:14	857.57	10390.57	10378.93	99.9	13	1	initial	
2026-06-03T00:02:15	858.74	10390.57	10378.93	100.1	13	1	initial	
2026-06-03T00:02:16	859.91	10390.57	10378.93	100.0	13	1	initial	
2026-06-03T00:02:17	861.08	10390.57	10378.93	99.9	13	1	initial	
2026-06-03T00:02:18	862.24	10390.57	10381.06	100.1	13	1	initial	
2026-06-03T00:02:19	863.42	10390.57	10380.35	100.0	13	1	initial	
2026-06-03T00:02:21	864.58	10390.57	10380.09	100.0	13	1	initial	
2026-06-03T00:02:22	865.76	10390.57	10379.91	99.9	13	1	initial	
2026-06-03T00:02:23	866.93	10390.57	10379.36	99.7	13	1	initial	
2026-06-03T00:02:24	868.1	10390.57	10378.8	100.1	13	1	initial	
2026-06-03T00:02:25	869.27	10390.57	10378.8	99.9	13	1	initial	
2026-06-03T00:02:26	870.44	10390.57	10378.77	100.0	13	1	initial	
2026-06-03T00:02:28	871.62	10390.57	10378.77	100.3	13	1	initial	
2026-06-03T00:02:29	872.76	10390.57	10377.85	99.3	13	1	initial	
2026-06-03T00:02:30	873.93	10390.57	10377.85	100.3	13	1	initial	
2026-06-03T00:02:31	875.09	10390.57	10377.85	99.9	13	1	initial	
2026-06-03T00:02:32	876.25	10390.57	10377.85	100.0	13	1	initial	
2026-06-03T00:02:33	877.41	10390.57	10377.85	100.0	13	1	initial	
2026-06-03T00:02:35	878.56	10390.57	10377.85	99.8	13	1	initial	
2026-06-03T00:02:36	879.72	10390.57	10380.44	100.2	13	1	initial	
2026-06-03T00:02:37	880.89	10390.57	10380.34	100.0	13	1	initial	
2026-06-03T00:02:38	882.06	10390.57	10380.09	100.2	13	1	initial	
2026-06-03T00:02:39	883.23	10390.57	10379.91	100.2	13	1	initial	
2026-06-03T00:02:40	884.39	10390.57	10379.43	100.0	13	1	initial	
2026-06-03T00:02:42	885.49	10390.57	10379.17	100.2	13	1	initial	
2026-06-03T00:02:43	886.67	10390.57	10378.8	99.8	13	1	initial	
2026-06-03T00:02:44	887.83	10390.57	10378.78	99.9	13	1	initial	
2026-06-03T00:02:45	888.99	10390.57	10378.77	99.9	13	1	initial	
2026-06-03T00:02:46	890.09	10390.57	10377.86	99.6	13	1	initial	
2026-06-03T00:02:47	891.27	10390.57	10377.86	99.8	13	1	initial	
2026-06-03T00:02:48	892.39	10390.57	10377.86	100.1	13	1	initial	
2026-06-03T00:02:50	893.56	10390.57	10377.86	99.9	13	1	initial	
2026-06-03T00:02:51	894.72	10390.57	10377.86	100.8	13	1	initial	
2026-06-03T00:02:52	895.88	10390.57	10377.86	100.0	13	1	initial	
2026-06-03T00:02:53	897.03	10390.57	10383.26	99.2	13	1	initial	
2026-06-03T00:02:54	898.19	10390.57	10383.26	100.2	13	1	initial	
2026-06-03T00:02:55	899.35	10390.57	10383.26	100.2	13	1	initial	
2026-06-03T00:02:57	900.51	10390.57	10380.45	100.1	13	1	initial	
2026-06-03T00:02:58	901.67	10390.57	10380.21	99.9	13	1	initial	
2026-06-03T00:02:59	902.77	10390.57	10380.02	99.8	13	1	initial	
2026-06-03T00:03:00	903.93	10390.57	10379.54	99.9	13	1	initial	
2026-06-03T00:03:01	905.09	10390.57	10379.23	100.0	13	1	initial	
2026-06-03T00:03:02	906.26	10390.57	10379.05	100.8	13	1	initial	
2026-06-03T00:03:03	907.42	10390.57	10378.99	99.9	13	1	initial	
2026-06-03T00:03:05	908.58	10390.57	10378.99	99.7	13	1	initial	
2026-06-03T00:03:06	909.76	10390.57	10378.99	99.2	13	1	initial	
2026-06-03T00:03:07	910.92	10390.57	10378.84	100.2	13	1	initial	
2026-06-03T00:03:08	912.08	10390.57	10378.84	100.1	13	1	initial	
2026-06-03T00:03:09	913.24	10390.57	10378.84	100.1	13	1	initial	
2026-06-03T00:03:10	914.39	10390.57	10378.84	100.1	13	1	initial	
2026-06-03T00:03:12	915.56	10390.57	10378.84	99.6	13	1	initial	
2026-06-03T00:03:13	916.72	10390.57	10378.84	100.2	13	1	initial	
2026-06-03T00:03:14	917.88	10390.57	10378.84	100.2	13	1	initial	
2026-06-03T00:03:15	919.05	10390.57	10378.84	99.4	13	1	initial	
2026-06-03T00:03:16	920.22	10390.57	10378.84	100.1	13	1	initial	
2026-06-03T00:03:17	921.38	10390.57	10378.84	100.0	13	1	initial	
2026-06-03T00:03:19	922.49	10390.57	10378.84	100.1	13	1	initial	
2026-06-03T00:03:20	923.65	10390.57	10378.84	99.8	13	1	initial	
2026-06-03T00:03:21	924.82	10390.57	10378.84	100.6	13	1	initial	
2026-06-03T00:03:22	925.98	10390.57	10378.84	99.4	13	1	initial	
2026-06-03T00:03:23	927.15	10390.57	10378.84	100.3	13	1	initial	
2026-06-03T00:03:24	928.32	10390.57	10378.84	100.2	13	1	initial	
2026-06-03T00:03:26	929.49	10390.57	10378.84	100.2	13	1	initial	
2026-06-03T00:03:27	930.65	10390.57	10378.84	99.3	13	1	initial	
2026-06-03T00:03:28	931.82	10390.57	10378.84	100.2	13	1	initial	
2026-06-03T00:03:29	932.99	10390.57	10378.84	100.2	13	1	initial	
2026-06-03T00:03:30	934.15	10390.57	10378.84	100.1	13	1	initial	
2026-06-03T00:03:31	935.31	10390.57	10378.84	100.0	13	1	initial	
2026-06-03T00:03:32	936.43	10390.57	10378.84	100.1	13	1	initial	
2026-06-03T00:03:34	937.59	10390.57	10378.84	99.4	13	1	initial	
2026-06-03T00:03:35	938.75	10390.57	10378.84	100.7	13	1	initial	
2026-06-03T00:03:36	939.92	10390.57	10378.84	99.9	13	1	initial	
2026-06-03T00:03:37	941.07	10390.57	10378.84	100.1	13	1	initial	
2026-06-03T00:03:38	942.23	10390.57	10378.84	99.4	13	1	initial	
2026-06-03T00:03:39	943.39	10390.57	10378.84	99.9	13	1	initial	
2026-06-03T00:03:41	944.55	10390.57	10378.84	100.7	13	1	initial	
2026-06-03T00:03:42	945.72	10390.57	10378.84	99.9	13	1	initial	
2026-06-03T00:03:43	946.88	10390.57	10378.84	99.8	13	1	initial	
2026-06-03T00:03:44	948.04	10390.57	10378.84	99.9	13	1	initial	
2026-06-03T00:03:45	949.21	10390.57	10378.84	100.1	13	1	initial	
2026-06-03T00:03:46	950.38	10390.57	10378.84	99.7	13	1	initial	
2026-06-03T00:03:48	951.55	10390.57	10378.84	100.0	13	1	initial	
2026-06-03T00:03:49	952.72	10390.57	10378.84	100.1	13	1	initial	
2026-06-03T00:03:50	953.89	10390.57	10378.84	100.1	13	1	initial	
2026-06-03T00:03:51	955.06	10390.57	10378.84	100.1	13	1	initial	
2026-06-03T00:03:52	956.23	10390.57	10378.84	100.0	13	1	initial	
2026-06-03T00:03:53	957.4	10390.57	10378.84	100.0	13	1	initial	
2026-06-03T00:03:55	958.57	10390.57	10378.84	100.1	13	1	initial	
2026-06-03T00:03:56	959.74	10390.57	10378.84	100.1	13	1	initial	
2026-06-03T00:03:57	960.91	10390.57	10378.84	100.0	13	1	initial	
2026-06-03T00:03:58	962.07	10390.57	10378.84	99.3	13	1	initial	
2026-06-03T00:03:59	963.24	10390.57	10378.84	100.0	13	1	initial	
2026-06-03T00:04:00	964.41	10390.57	10378.84	100.7	13	1	initial	
2026-06-03T00:04:02	965.58	10390.57	10378.84	100.0	13	1	initial	
2026-06-03T00:04:03	966.75	10390.57	10378.84	100.1	13	1	initial	
2026-06-03T00:04:04	967.91	10390.57	10378.84	100.1	13	1	initial	
2026-06-03T00:04:05	969.08	10390.57	10378.84	99.2	13	1	initial	
2026-06-03T00:04:06	970.25	10390.57	10378.84	100.0	13	1	initial	
2026-06-03T00:04:07	971.41	10390.57	10378.84	100.0	13	1	initial	
2026-06-03T00:04:09	972.52	10390.57	10378.84	100.1	13	1	initial	
2026-06-03T00:04:10	973.68	10390.57	10378.84	99.9	13	1	initial	
2026-06-03T00:04:11	974.86	10390.57	10378.84	100.6	13	1	initial	
2026-06-03T00:04:12	976.03	10390.57	10378.84	99.7	13	1	initial	
2026-06-03T00:04:13	977.2	10390.57	10378.84	99.8	13	1	initial	
2026-06-03T00:04:14	978.36	10390.57	10378.84	99.8	13	1	initial	
2026-06-03T00:04:16	979.52	10390.57	10378.84	99.9	13	1	initial	
2026-06-03T00:04:17	980.69	10390.57	10378.84	100.8	13	1	initial	
2026-06-03T00:04:18	981.86	10390.56	10378.84	99.8	13	1	initial	
2026-06-03T00:04:19	983.03	10390.56	10378.84	99.9	13	1	initial	
2026-06-03T00:04:20	984.2	10390.56	10378.84	100.2	13	1	initial	
2026-06-03T00:04:21	985.37	10390.56	10380.32	100.0	13	1	initial	
2026-06-03T00:04:23	986.54	10390.56	10380.31	100.1	13	1	initial	
2026-06-03T00:04:24	987.71	10390.56	10379.91	99.9	13	1	initial	
2026-06-03T00:04:25	988.88	10390.56	10379.91	100.0	13	1	initial	
2026-06-03T00:04:26	990.05	10390.56	10379.36	99.9	13	1	initial	
2026-06-03T00:04:27	991.21	10390.56	10378.86	100.1	13	1	initial	
2026-06-03T00:04:28	992.37	10390.56	10378.79	100.1	13	1	initial	
2026-06-03T00:04:30	993.47	10390.56	10378.77	99.3	13	1	initial	
2026-06-03T00:04:31	994.64	10390.56	10378.77	100.6	13	1	initial	
2026-06-03T00:04:32	995.8	10390.56	10378.75	99.9	13	1	initial	
2026-06-03T00:04:33	996.96	10390.56	10377.84	99.5	13	1	initial	
2026-06-03T00:04:34	998.13	10390.56	10377.84	100.2	13	1	initial	
2026-06-03T00:04:35	999.3	10390.56	10377.84	100.3	13	1	initial	
2026-06-03T00:04:36	1000.47	10390.56	10377.84	99.4	13	1	initial	
2026-06-03T00:04:38	1001.63	10390.56	10377.84	100.3	13	1	initial	
2026-06-03T00:04:39	1002.8	10390.56	10377.84	100.4	13	1	initial	
2026-06-03T00:04:40	1003.97	10390.56	10380.34	99.4	13	1	initial	
2026-06-03T00:04:41	1005.13	10390.56	10380.14	100.2	13	1	initial	
2026-06-03T00:04:42	1006.3	10390.56	10379.96	100.4	13	1	initial	
2026-06-03T00:04:43	1007.46	10390.56	10379.41	99.6	13	1	initial	
2026-06-03T00:04:45	1008.63	10390.56	10378.9	99.7	13	1	initial	
2026-06-03T00:04:46	1009.79	10390.56	10378.82	100.0	13	1	initial	
2026-06-03T00:04:47	1010.96	10390.56	10378.81	100.0	13	1	initial	
2026-06-03T00:04:48	1012.13	10390.56	10377.89	100.0	13	1	initial	
2026-06-03T00:04:49	1013.29	10390.56	10377.89	100.2	13	1	initial	
2026-06-03T00:04:50	1014.46	10390.56	10377.89	100.1	13	1	initial	
2026-06-03T00:04:52	1015.63	10390.56	10377.89	100.1	13	1	initial	
2026-06-03T00:04:53	1016.8	10390.56	10377.89	100.2	13	1	initial	
2026-06-03T00:04:54	1017.97	10390.56	10377.89	99.2	13	1	initial	
2026-06-03T00:04:55	1019.14	10390.56	10383.25	100.3	13	1	initial	
2026-06-03T00:04:56	1020.29	10390.56	10383.25	100.2	13	1	initial	
2026-06-03T00:04:57	1021.45	10390.56	10383.25	100.1	13	1	initial	
2026-06-03T00:04:59	1022.55	10390.56	10380.36	99.9	13	1	initial	
2026-06-03T00:05:00	1023.72	10390.56	10380.21	100.0	13	1	initial	
2026-06-03T00:05:01	1024.88	10390.56	10379.9	100.0	13	1	initial	
2026-06-03T00:05:02	1026.05	10390.56	10379.31	100.1	13	1	initial	
2026-06-03T00:05:03	1027.22	10390.56	10379.04	100.0	13	1	initial	
2026-06-03T00:05:04	1028.38	10390.56	10378.98	99.7	13	1	initial	
2026-06-03T00:05:06	1029.55	10390.56	10378.98	99.9	13	1	initial	
2026-06-03T00:05:07	1030.74	10390.56	10378.98	100.0	13	1	initial	
2026-06-03T00:05:08	1031.9	10390.56	10378.84	100.0	13	1	initial	
2026-06-03T00:05:09	1033.06	10390.56	10378.84	100.2	13	1	initial	
2026-06-03T00:05:10	1034.23	10390.56	10378.84	100.2	13	1	initial	
2026-06-03T00:05:11	1035.39	10390.56	10378.84	100.0	13	1	initial	
2026-06-03T00:05:13	1036.55	10390.56	10378.84	100.0	13	1	initial	
2026-06-03T00:05:14	1037.72	10390.56	10378.84	100.2	13	1	initial	
2026-06-03T00:05:15	1038.89	10390.56	10378.84	99.3	13	1	initial	
2026-06-03T00:05:16	1040.06	10390.56	10378.84	100.2	13	1	initial	
2026-06-03T00:05:17	1041.23	10390.56	10378.84	100.1	13	1	initial	
2026-06-03T00:05:18	1042.39	10390.56	10378.84	100.1	13	1	initial	
2026-06-03T00:05:20	1043.56	10390.56	10378.84	100.2	13	1	initial	
2026-06-03T00:05:21	1044.73	10390.56	10378.84	100.1	13	1	initial	
2026-06-03T00:05:22	1045.9	10390.56	10378.84	100.2	13	1	initial	
2026-06-03T00:05:23	1047.07	10390.56	10378.84	99.3	13	1	initial	
2026-06-03T00:05:24	1048.24	10390.56	10378.84	100.1	13	1	initial	
2026-06-03T00:05:25	1049.41	10390.56	10378.84	100.1	13	1	initial	
2026-06-03T00:05:27	1050.56	10390.56	10378.84	100.1	13	1	initial	
2026-06-03T00:05:28	1051.73	10390.56	10378.84	100.2	13	1	initial	
2026-06-03T00:05:29	1052.9	10390.56	10378.84	99.3	13	1	initial	
2026-06-03T00:05:30	1054.07	10390.56	10378.84	100.2	13	1	initial	
2026-06-03T00:05:31	1055.24	10390.56	10378.84	100.1	13	1	initial	
2026-06-03T00:05:32	1056.34	10390.56	10378.84	99.9	13	1	initial	
2026-06-03T00:05:34	1057.5	10390.56	10378.84	100.5	13	1	initial	
2026-06-03T00:05:35	1058.66	10390.56	10378.84	100.1	13	1	initial	
2026-06-03T00:05:36	1059.79	10390.56	10378.84	99.2	13	1	initial	
2026-06-03T00:05:37	1060.95	10390.56	10378.84	100.1	13	1	initial	
2026-06-03T00:05:38	1062.09	10390.56	10378.84	100.5	13	1	initial	
2026-06-03T00:05:39	1063.26	10390.56	10378.84	100.1	13	1	initial	
2026-06-03T00:05:40	1064.43	10390.56	10378.84	99.5	13	1	initial	
2026-06-03T00:05:42	1065.59	10390.56	10378.84	100.0	13	1	initial	
2026-06-03T00:05:43	1066.75	10390.56	10378.84	100.1	13	1	initial	
2026-06-03T00:05:44	1067.9	10390.56	10378.84	100.1	13	1	initial	
2026-06-03T00:05:45	1069.07	10390.56	10378.84	100.0	13	1	initial	
2026-06-03T00:05:46	1070.2	10390.56	10378.84	100.0	13	1	initial	
2026-06-03T00:05:47	1071.36	10390.56	10378.84	100.0	13	1	initial	
2026-06-03T00:05:49	1072.53	10390.56	10378.84	100.0	13	1	initial	
2026-06-03T00:05:50	1073.63	10390.56	10378.84	99.3	13	1	initial	
2026-06-03T00:05:51	1074.8	10390.56	10378.84	100.3	13	1	initial	
2026-06-03T00:05:52	1075.95	10390.56	10378.84	100.2	13	1	initial	
2026-06-03T00:05:53	1077.1	10390.56	10378.84	99.3	13	1	initial	
2026-06-03T00:05:54	1078.21	10390.56	10378.84	100.2	13	1	initial	
2026-06-03T00:05:55	1079.37	10390.56	10378.84	100.4	13	1	initial	
2026-06-03T00:05:57	1080.54	10390.56	10378.84	100.1	13	1	initial	
2026-06-03T00:05:58	1081.71	10390.56	10378.84	100.0	13	1	initial	
2026-06-03T00:05:59	1082.88	10390.56	10378.84	100.0	13	1	initial	
2026-06-03T00:06:00	1084.05	10390.56	10378.84	100.1	13	1	initial	
2026-06-03T00:06:01	1085.22	10390.56	10378.84	99.9	13	1	initial	
2026-06-03T00:06:02	1086.39	10390.56	10378.84	99.9	13	1	initial	
2026-06-03T00:06:04	1087.56	10390.56	10378.84	100.1	13	1	initial	
2026-06-03T00:06:05	1088.72	10390.56	10378.84	99.7	13	1	initial	
2026-06-03T00:06:06	1089.89	10390.56	10378.84	100.1	13	1	initial	
2026-06-03T00:06:07	1091.06	10390.56	10378.84	100.0	13	1	initial	
2026-06-03T00:06:08	1092.23	10390.56	10378.84	100.0	13	1	initial	
2026-06-03T00:06:09	1093.4	10390.56	10378.84	99.2	13	1	initial	
2026-06-03T00:06:11	1094.57	10390.56	10378.84	100.1	13	1	initial	
2026-06-03T00:06:12	1095.74	10390.56	10378.84	100.0	13	1	initial	
2026-06-03T00:06:13	1096.91	10390.56	10378.84	100.0	13	1	initial	
2026-06-03T00:06:14	1098.07	10390.56	10378.84	100.2	13	1	initial	
2026-06-03T00:06:15	1099.24	10390.56	10378.84	100.8	13	1	initial	
2026-06-03T00:06:16	1100.41	10390.56	10378.84	100.0	13	1	initial	
2026-06-03T00:06:18	1101.59	10390.51	10378.8	99.0	13	1	initial	
2026-06-03T00:06:19	1102.76	10390.51	10378.8	100.6	13	1	initial	
2026-06-03T00:06:20	1103.93	10390.51	10378.8	99.4	13	1	initial	
2026-06-03T00:06:21	1105.1	10390.51	10380.25	100.0	13	1	initial	
2026-06-03T00:06:22	1106.27	10390.51	10380.09	100.6	13	1	initial	
2026-06-03T00:06:23	1107.44	10390.51	10379.81	100.0	13	1	initial	
2026-06-03T00:06:25	1108.61	10390.51	10379.35	100.0	13	1	initial	
2026-06-03T00:06:26	1109.78	10390.51	10379.07	100.1	13	1	initial	
2026-06-03T00:06:27	1110.95	10390.51	10378.76	99.9	13	1	initial	
2026-06-03T00:06:28	1112.12	10390.51	10378.7	99.3	13	1	initial	
2026-06-03T00:06:29	1113.29	10390.51	10378.7	100.6	13	1	initial	
2026-06-03T00:06:30	1114.46	10390.51	10378.69	99.6	13	1	initial	
2026-06-03T00:06:32	1115.62	10390.51	10378.69	100.2	13	1	initial	
2026-06-03T00:06:33	1116.79	10390.51	10377.79	99.8	13	1	initial	
2026-06-03T00:06:34	1117.95	10390.51	10377.79	99.7	13	1	initial	
2026-06-03T00:06:35	1119.11	10390.51	10377.79	100.6	13	1	initial	
2026-06-03T00:06:36	1120.27	10390.51	10377.79	99.7	13	1	initial	
2026-06-03T00:06:37	1121.44	10390.51	10377.79	100.2	13	1	initial	
2026-06-03T00:06:39	1122.61	10390.51	10377.79	99.3	13	1	initial	
2026-06-03T00:06:40	1123.78	10390.51	10377.79	100.2	13	1	initial	
2026-06-03T00:06:41	1124.94	10390.51	10377.79	100.2	13	1	initial	
2026-06-03T00:06:42	1126.11	10390.51	10380.39	100.0	13	1	initial	
2026-06-03T00:06:43	1127.28	10390.51	10380.3	99.2	13	1	initial	
2026-06-03T00:06:44	1128.45	10390.51	10380.06	100.1	13	1	initial	
2026-06-03T00:06:46	1129.62	10390.51	10379.88	99.8	13	1	initial	
2026-06-03T00:06:47	1130.8	10390.51	10379.33	100.6	13	1	initial	
2026-06-03T00:06:48	1131.97	10390.51	10378.77	100.0	13	1	initial	
2026-06-03T00:06:49	1133.13	10390.51	10378.77	99.6	13	1	initial	
2026-06-03T00:06:50	1134.3	10390.51	10378.76	99.6	13	1	initial	
2026-06-03T00:06:51	1135.46	10390.51	10377.86	99.8	13	1	initial	
2026-06-03T00:06:53	1136.62	10390.51	10377.86	99.8	13	1	initial	
2026-06-03T00:06:54	1137.79	10390.51	10377.86	100.4	13	1	initial	
2026-06-03T00:06:55	1138.96	10390.51	10377.86	100.0	13	1	initial	
2026-06-03T00:06:56	1140.13	10390.51	10377.86	99.9	13	1	initial	
2026-06-03T00:06:57	1141.3	10390.51	10377.86	99.9	13	1	initial	
2026-06-03T00:06:59	1142.47	10390.42	10377.77	99.9	13	1	initial	
2026-06-03T00:07:00	1143.64	10390.42	10383.12	99.1	13	1	initial	
2026-06-03T00:07:01	1144.81	10390.42	10383.12	100.1	13	1	initial	
2026-06-03T00:07:02	1145.98	10390.42	10383.12	100.2	13	1	initial	
2026-06-03T00:07:03	1147.15	10390.42	10380.31	99.8	13	1	initial	
2026-06-03T00:07:04	1148.32	10390.42	10380.22	100.0	13	1	initial	
2026-06-03T00:07:06	1149.51	10387.39	10377.89	99.3	13	1	initial	
2026-06-03T00:07:07	1150.7	10382.24	10377.92	99.2	13	1	initial	
2026-06-03T00:07:27	1170.75	10380.75	10378.71	34.5	13	1	initial	
2026-06-03T00:07:28	1171.86	10380.79	10378.71	100.5	13	1	initial	
2026-06-03T00:07:29	1172.99	10380.79	10378.71	99.1	13	1	initial	
2026-06-03T00:07:30	1174.1	10380.92	10378.71	99.8	13	1	initial	
2026-06-03T00:07:31	1175.22	10380.92	10378.71	100.4	13	1	initial	
2026-06-03T00:07:32	1176.33	10382.01	10378.71	99.9	13	1	initial	
2026-06-03T00:07:33	1177.44	10382.01	10378.5	99.9	13	1	initial	
2026-06-03T00:07:35	1178.55	10382.01	10378.5	99.6	13	1	initial	
2026-06-03T00:07:36	1179.66	10382.01	10378.5	100.0	13	1	initial	
2026-06-03T00:07:37	1180.79	10382.01	10378.5	99.9	13	1	initial	
2026-06-03T00:07:38	1181.9	10382.01	10378.5	100.9	13	1	initial	
2026-06-03T00:07:39	1183.01	10382.01	10378.5	99.8	13	1	initial	
2026-06-03T00:07:40	1184.12	10382.01	10378.5	100.4	13	1	initial	
2026-06-03T00:07:41	1185.24	10382.01	10378.5	99.7	13	1	initial	
2026-06-03T00:07:42	1186.35	10382.01	10378.5	99.7	13	1	initial	
2026-06-03T00:07:43	1187.47	10382.01	10378.5	100.3	13	1	initial	
2026-06-03T00:07:45	1188.59	10382.01	10378.5	99.3	13	1	initial	
2026-06-03T00:07:46	1189.71	10382.01	10378.5	100.8	13	1	initial	
2026-06-03T00:07:47	1190.82	10382.01	10378.5	99.7	13	1	initial	
2026-06-03T00:07:48	1191.94	10382.01	10378.5	100.4	13	1	initial	
2026-06-03T00:07:49	1193.05	10382.01	10378.5	99.7	13	1	initial	
2026-06-03T00:07:50	1194.16	10382.01	10378.5	100.0	13	1	initial	
2026-06-03T00:07:51	1195.28	10382.01	10378.5	100.2	13	1	initial	
2026-06-03T00:07:52	1196.39	10382.01	10378.5	99.8	13	1	initial	
2026-06-03T00:07:54	1197.51	10382.01	10378.5	99.4	13	1	initial	
2026-06-03T00:07:55	1198.62	10382.01	10378.5	100.8	13	1	initial	
2026-06-03T00:07:56	1199.73	10382.01	10378.5	99.9	13	1	initial	
2026-06-03T00:07:57	1200.84	10382.01	10378.51	99.5	13	1	initial	
2026-06-03T00:07:58	1201.96	10382.01	10378.51	99.7	13	1	initial	
2026-06-03T00:07:59	1203.08	10382.01	10378.51	100.1	13	1	initial	
2026-06-03T00:08:00	1204.19	10382.01	10378.51	100.3	13	1	initial	
2026-06-03T00:08:01	1205.3	10382.01	10378.51	100.0	13	1	initial	
2026-06-03T00:08:02	1206.42	10382.01	10378.51	99.8	13	1	initial	
2026-06-03T00:08:04	1207.54	10382.01	10378.51	100.3	13	1	initial	
2026-06-03T00:08:05	1208.66	10382.01	10378.51	99.2	13	1	initial	
2026-06-03T00:08:06	1209.77	10382.01	10378.51	100.2	13	1	initial	
2026-06-03T00:08:07	1210.88	10382.01	10378.51	100.6	13	1	initial	
2026-06-03T00:08:08	1211.99	10382.01	10378.51	99.3	13	1	initial	
2026-06-03T00:08:09	1213.1	10382.01	10378.51	100.3	13	1	initial	
2026-06-03T00:08:10	1214.21	10382.01	10378.51	100.1	13	1	initial	
2026-06-03T00:08:11	1215.32	10382.01	10378.51	100.1	13	1	initial	
2026-06-03T00:08:12	1216.44	10382.01	10378.51	99.7	13	1	initial	
2026-06-03T00:08:14	1217.55	10382.01	10378.51	100.0	13	1	initial	
2026-06-03T00:08:15	1218.73	10382.01	10378.51	100.1	13	1	initial	
2026-06-03T00:08:16	1219.9	10382.01	10378.51	100.3	13	1	initial	
2026-06-03T00:08:17	1221.08	10382.01	10378.51	100.1	13	1	initial	
2026-06-03T00:08:18	1222.24	10382.01	10378.51	99.6	13	1	initial	
2026-06-03T00:08:19	1223.41	10382.01	10378.51	100.3	13	1	initial	
2026-06-03T00:08:21	1224.59	10382.01	10378.51	99.4	13	1	initial	
2026-06-03T00:08:22	1225.77	10382.01	10378.51	100.2	13	1	initial	
2026-06-03T00:08:23	1226.94	10382.01	10378.51	100.2	13	1	initial	
2026-06-03T00:08:24	1228.12	10382.01	10378.51	99.5	13	1	initial	
2026-06-03T00:08:25	1229.3	10382.01	10378.51	100.3	13	1	initial	
2026-06-03T00:08:27	1230.47	10382.01	10378.51	100.3	13	1	initial	
2026-06-03T00:08:28	1231.65	10382.01	10378.51	100.2	13	1	initial	
2026-06-03T00:08:29	1232.83	10382.01	10378.51	99.4	13	1	initial	
2026-06-03T00:08:30	1234.0	10382.01	10378.51	99.9	13	1	initial	
2026-06-03T00:08:31	1235.17	10382.01	10378.51	100.0	13	1	initial	
2026-06-03T00:08:32	1236.34	10382.01	10378.51	100.0	13	1	initial	
2026-06-03T00:08:34	1237.51	10382.01	10378.51	100.0	13	1	initial	
2026-06-03T00:08:35	1238.68	10382.01	10378.51	100.1	13	1	initial	
2026-06-03T00:08:36	1239.85	10382.01	10378.51	100.2	13	1	initial	
2026-06-03T00:08:37	1241.03	10382.01	10378.51	100.1	13	1	initial	
2026-06-03T00:08:38	1242.21	10382.01	10378.51	99.3	13	1	initial	
2026-06-03T00:08:39	1243.39	10382.01	10378.51	100.1	13	1	initial	
2026-06-03T00:08:41	1244.56	10382.01	10378.51	99.9	13	1	initial	
2026-06-03T00:08:42	1245.73	10382.01	10378.51	100.1	13	1	initial	
2026-06-03T00:08:43	1246.91	10382.01	10378.51	100.0	13	1	initial	
2026-06-03T00:08:44	1248.09	10382.01	10378.51	100.6	13	1	initial	
2026-06-03T00:08:45	1249.27	10382.01	10378.51	99.4	13	1	initial	
2026-06-03T00:08:46	1250.45	10382.01	10378.66	100.3	13	1	initial	
2026-06-03T00:08:48	1251.62	10382.01	10378.66	100.2	13	1	initial	
2026-06-03T00:08:49	1252.8	10382.01	10378.66	100.3	13	1	initial	
2026-06-03T00:08:50	1253.98	10382.01	10378.66	99.4	13	1	initial	
2026-06-03T00:08:51	1255.15	10382.01	10378.66	100.2	13	1	initial	
2026-06-03T00:08:52	1256.33	10382.01	10378.59	100.2	13	1	initial	
2026-06-03T00:08:54	1257.51	10382.01	10378.59	100.0	13	1	initial	
2026-06-03T00:08:55	1258.69	10382.01	10378.59	100.0	13	1	initial	
2026-06-03T00:08:56	1259.87	10382.01	10378.59	99.9	13	1	initial	
2026-06-03T00:08:57	1261.05	10382.01	10378.59	100.0	13	1	initial	
2026-06-03T00:08:58	1262.24	10382.01	10378.59	99.0	13	1	initial	
2026-06-03T00:08:59	1263.41	10382.01	10377.68	100.3	13	1	initial	
2026-06-03T00:09:01	1264.59	10382.01	10377.68	99.4	13	1	initial	
2026-06-03T00:09:02	1265.77	10382.01	10377.68	100.3	13	1	initial	
2026-06-03T00:09:03	1266.94	10382.01	10377.68	100.2	13	1	initial	
2026-06-03T00:09:04	1268.12	10382.01	10377.68	100.1	13	1	initial	
2026-06-03T00:09:05	1269.3	10382.01	10378.66	99.3	13	1	initial	
2026-06-03T00:09:07	1270.48	10382.01	10378.66	100.2	13	1	initial	
2026-06-03T00:09:08	1271.66	10382.01	10378.66	100.1	13	1	initial	
2026-06-03T00:09:09	1272.84	10382.01	10378.66	99.9	13	1	initial	
2026-06-03T00:09:10	1274.02	10382.01	10378.66	100.6	13	1	initial	
2026-06-03T00:09:11	1275.2	10382.01	10378.59	100.1	13	1	initial	
2026-06-03T00:09:12	1276.38	10382.01	10378.59	99.2	13	1	initial	
2026-06-03T00:09:14	1277.56	10382.01	10378.59	100.0	13	1	initial	
2026-06-03T00:09:15	1278.74	10382.01	10377.68	100.0	13	1	initial	
2026-06-03T00:09:16	1279.92	10382.01	10377.68	100.3	13	1	initial	
2026-06-03T00:09:17	1281.1	10382.01	10377.68	100.0	13	1	initial	
2026-06-03T00:09:18	1282.27	10382.01	10377.68	100.3	13	1	initial	
2026-06-03T00:09:19	1283.45	10382.01	10377.68	99.4	13	1	initial	
2026-06-03T00:09:21	1284.63	10382.04	10377.68	100.0	13	1	initial	
2026-06-03T00:09:22	1285.76	7190.87	7185.62	100.6	13	1	initial	
2026-06-03T00:09:23	1286.91	8198.91	8193.66	99.5	13	1	initial	
2026-06-03T00:09:24	1288.05	8198.91	8193.61	100.4	13	1	initial	
2026-06-03T00:09:25	1289.2	8198.91	8197.31	99.5	13	1	initial	
2026-06-03T00:09:26	1290.34	8198.91	8197.31	100.3	13	1	initial	
2026-06-03T00:09:28	1291.49	8198.91	8197.31	100.3	13	1	initial	
2026-06-03T00:09:29	1292.64	8198.91	8194.87	99.3	13	1	initial	
2026-06-03T00:09:30	1293.79	8198.91	8194.84	100.2	13	1	initial	
2026-06-03T00:09:31	1294.94	8198.91	8194.77	100.2	13	1	initial	
2026-06-03T00:09:32	1296.08	8198.91	8194.71	100.4	13	1	initial	
2026-06-03T00:09:33	1297.23	8198.91	8194.6	99.5	13	1	initial	
2026-06-03T00:09:34	1298.37	8198.91	8194.6	100.2	13	1	initial	
2026-06-03T00:09:36	1299.52	8198.91	8194.6	99.4	13	1	initial	
2026-06-03T00:09:37	1300.67	8198.91	8194.56	100.1	13	1	initial	
2026-06-03T00:09:38	1301.83	8198.91	8194.56	99.7	13	1	initial	
2026-06-03T00:09:39	1302.98	8198.91	8194.41	100.5	13	1	initial	
2026-06-03T00:09:40	1304.12	8198.91	8194.41	99.5	13	1	initial	
2026-06-03T00:09:41	1305.27	8198.91	8194.41	100.2	13	1	initial	
2026-06-03T00:09:42	1306.42	8198.91	8194.41	99.5	13	1	initial	
2026-06-03T00:09:44	1307.57	8198.91	8194.41	100.0	13	1	initial	
2026-06-03T00:09:45	1308.71	8541.46	8536.96	97.7	13	1	initial	
2026-06-03T00:09:46	1309.86	8551.81	8547.35	89.6	13	1	initial	
2026-06-03T00:09:47	1311.02	8572.12	8567.62	100.6	13	1	initial	
2026-06-03T00:09:48	1312.17	8588.3	8583.91	88.7	13	1	initial	
2026-06-03T00:09:49	1313.32	8601.61	8597.11	100.5	13	1	initial	
2026-06-03T00:09:51	1314.47	8614.84	8610.39	88.8	13	1	initial	
2026-06-03T00:09:52	1315.62	8630.0	8625.5	99.4	13	1	initial	
2026-06-03T00:09:53	1316.77	8646.68	8642.3	88.7	13	1	initial	
2026-06-03T00:09:54	1317.92	8654.05	8649.66	88.7	13	1	initial	
2026-06-03T00:09:55	1319.07	8666.16	8661.66	100.5	13	1	initial	
2026-06-03T00:09:56	1320.22	8674.91	8670.41	100.7	13	1	initial	
2026-06-03T00:09:57	1321.37	8683.55	8679.05	98.1	13	1	initial	
2026-06-03T00:09:59	1322.52	8696.17	8691.77	89.6	13	1	initial	
2026-06-03T00:10:00	1323.68	8708.82	8704.32	100.4	13	1	initial	
2026-06-03T00:10:01	1324.83	8717.03	8712.53	99.7	13	1	initial	
2026-06-03T00:10:02	1325.99	8733.13	8728.63	99.7	13	1	initial	
2026-06-03T00:10:03	1327.13	8748.81	8744.31	99.6	13	1	initial	
2026-06-03T00:10:04	1328.27	8764.1	8759.6	98.8	13	1	initial	
2026-06-03T00:10:05	1329.38	8779.0	8774.58	94.3	13	1	initial	
2026-06-03T00:10:07	1330.48	8793.52	8789.05	93.5	13	1	initial	
2026-06-03T00:10:08	1331.58	8807.82	8803.39	92.9	13	1	initial	
2026-06-03T00:10:09	1332.74	8814.61	8810.11	100.0	13	1	initial	
2026-06-03T00:10:10	1333.89	8814.61	8810.11	100.2	13	1	initial	
2026-06-03T00:10:11	1335.03	8814.61	8810.11	100.3	13	1	initial	
2026-06-03T00:10:12	1336.18	8814.61	8810.11	100.0	13	1	initial	
2026-06-03T00:10:13	1337.33	8814.61	8810.11	99.3	13	1	initial	
2026-06-03T00:10:15	1338.49	8814.61	8810.11	100.2	13	1	initial	
2026-06-03T00:10:16	1339.63	8814.61	8810.11	100.4	13	1	initial	
2026-06-03T00:10:17	1340.78	8814.61	8810.11	99.6	13	1	initial	
2026-06-03T00:10:18	1341.93	8814.61	8810.11	99.7	13	1	initial	
2026-06-03T00:10:19	1343.08	8814.61	8810.11	100.8	13	1	initial	
2026-06-03T00:10:20	1344.23	8814.61	8810.11	100.0	13	1	initial	
2026-06-03T00:10:21	1345.38	8814.61	8810.11	99.9	13	1	initial	
2026-06-03T00:10:23	1346.53	8814.61	8810.11	99.4	13	1	initial	
2026-06-03T00:10:24	1347.68	8814.61	8810.11	100.2	13	1	initial	
2026-06-03T00:10:25	1348.82	8814.61	8810.11	100.1	13	1	initial	
2026-06-03T00:10:26	1349.96	8814.61	8810.11	100.1	13	1	initial	
2026-06-03T00:10:27	1351.1	8814.61	8810.11	99.6	13	1	initial	
2026-06-03T00:10:28	1352.23	8814.61	8810.11	97.6	13	1	initial	
2026-06-03T00:10:29	1353.38	9466.7	9462.2	99.4	13	1	initial	
2026-06-03T00:10:31	1354.55	9482.93	9478.43	100.5	13	1	initial	
2026-06-03T00:10:32	1355.72	9498.96	9494.46	99.4	13	1	initial	
2026-06-03T00:10:33	1356.86	9514.78	9510.28	99.6	13	1	initial	
2026-06-03T00:10:34	1358.0	9530.39	9525.89	94.1	13	1	initial	
2026-06-03T00:10:35	1359.16	9545.8	9541.3	100.1	13	1	initial	
2026-06-03T00:10:36	1360.32	9561.02	9556.52	99.7	13	1	initial	
2026-06-03T00:10:38	1361.48	9561.02	9556.52	100.6	13	1	initial	
2026-06-03T00:10:39	1362.62	9561.02	9556.52	99.8	13	1	initial	
2026-06-03T00:10:40	1363.79	9561.02	9556.52	99.6	13	1	initial	
2026-06-03T00:10:41	1364.95	9561.02	9556.52	100.0	13	1	initial	
2026-06-03T00:10:42	1366.11	9561.02	9556.52	100.1	13	1	initial	
2026-06-03T00:10:43	1367.23	9561.02	9556.52	95.4	13	1	initial	
2026-06-03T00:10:44	1368.41	9578.81	9574.31	99.7	13	1	initial	
2026-06-03T00:10:46	1369.57	9592.36	9587.86	100.2	13	1	initial	
2026-06-03T00:10:47	1370.73	9605.73	9601.23	99.1	13	1	initial	
2026-06-03T00:10:48	1371.89	9618.94	9614.44	97.8	13	1	initial	
2026-06-03T00:10:49	1373.05	9631.97	9627.47	99.5	13	1	initial	
2026-06-03T00:10:50	1374.22	9644.84	9640.34	100.4	13	1	initial	
2026-06-03T00:10:51	1375.39	9657.54	9653.04	100.1	13	1	initial	
2026-06-03T00:10:53	1376.55	9670.09	9665.59	99.3	13	1	initial	
2026-06-03T00:10:54	1377.72	9688.84	9684.4	87.6	13	1	initial	
2026-06-03T00:10:55	1378.89	9705.38	9701.24	88.2	13	1	initial	
2026-06-03T00:10:56	1380.05	9707.5	9703.25	87.5	13	1	initial	
2026-06-03T00:10:57	1381.22	9723.12	9718.88	87.5	13	1	initial	
2026-06-03T00:10:58	1382.38	9730.41	9726.25	88.8	13	1	initial	
2026-06-03T00:11:00	1383.55	9742.02	9737.7	100.1	13	1	initial	
2026-06-03T00:11:01	1384.71	9742.02	9737.7	100.1	13	1	initial	
2026-06-03T00:11:02	1385.88	9742.02	9737.68	99.9	13	1	initial	
2026-06-03T00:11:03	1387.05	9742.02	9737.68	100.2	13	1	initial	
2026-06-03T00:11:04	1388.17	9751.45	9746.24	90.8	13	1	initial	
2026-06-03T00:11:05	1389.34	9764.78	9759.47	100.7	13	1	initial	
2026-06-03T00:11:07	1390.51	9782.18	9776.98	86.4	13	1	initial	
2026-06-03T00:11:08	1391.68	9787.64	9782.41	87.2	13	1	initial	
2026-06-03T00:11:09	1392.84	9807.92	9802.69	88.5	13	1	initial	
2026-06-03T00:11:10	1394.0	9819.2	9813.88	100.3	13	1	initial	
2026-06-03T00:11:11	1395.17	9831.67	9827.58	86.1	13	1	initial	
2026-06-03T00:11:12	1396.35	9850.19	9845.95	100.8	13	1	initial	
2026-06-03T00:11:14	1397.51	9860.26	9856.02	99.8	13	1	initial	
2026-06-03T00:11:15	1398.69	9874.98	9870.8	87.0	13	1	initial	
2026-06-03T00:11:16	1399.86	9881.26	9877.07	86.1	13	1	initial	
2026-06-03T00:11:17	1401.04	9912.01	9920.53	100.3	13	1	initial	
2026-06-03T00:11:18	1402.22	10057.71	10053.41	100.7	13	1	initial	
2026-06-03T00:11:19	1403.43	10247.49	10287.66	99.2	13	1	initial	
2026-06-03T00:11:21	1404.62	11662.45	11670.02	100.8	13	1	initial	
2026-06-03T00:11:22	1405.81	11990.5	11984.66	99.2	13	1	initial	
2026-06-03T00:11:23	1407.0	12074.5	12121.75	93.7	13	1	initial	
2026-06-03T00:11:24	1408.21	12680.5	12740.69	97.3	13	1	initial	
2026-06-03T00:11:25	1409.41	13418.68	13412.76	100.3	13	1	initial	
2026-06-03T00:11:27	1410.61	13418.68	13416.63	99.7	13	1	initial	
2026-06-03T00:11:28	1411.81	13418.68	13416.63	93.3	13	1	initial	
2026-06-03T00:11:29	1412.95	9471.2	9469.06	450.4	13	1	initial	
2026-06-03T00:11:30	1414.14	9471.2	9466.06	949.6	13	1	initial	
2026-06-03T00:11:31	1415.36	9471.2	9466.06	943.1	13	1	initial	
2026-06-03T00:11:33	1416.57	9471.2	9466.0	933.9	13	1	initial	
2026-06-03T00:11:34	1417.8	9471.2	9465.88	978.7	13	1	initial	
2026-06-03T00:11:35	1418.98	9471.2	9465.6	980.0	13	1	initial	
2026-06-03T00:11:36	1420.2	9471.2	9465.6	977.8	13	1	initial	
2026-06-03T00:11:37	1421.33	9707.12	9799.44	624.5	13	1	initial	
2026-06-03T00:11:38	1422.45	11075.41	11069.81	90.6	13	1	initial	
2026-06-03T00:11:40	1423.64	13103.4	13098.29	84.7	13	1	initial	
2026-06-03T00:11:41	1424.85	14320.42	14314.7	97.9	13	1	initial	
2026-06-03T00:11:42	1425.85	0.0	0.0	99.3	2	1	initial	
2026-06-03T00:56:35	0.01	3.21	1.72	0.0	1	1	resume	0.0
2026-06-03T00:56:36	1.02	132.32	126.77	99.1	1	1	resume	1.0
2026-06-03T00:56:37	2.03	271.86	266.38	99.9	1	1	resume	2.01
2026-06-03T00:56:38	3.04	410.83	405.28	99.7	1	1	resume	3.02
2026-06-03T00:56:39	4.06	457.31	451.76	100.6	1	1	resume	4.04
2026-06-03T00:56:40	5.07	535.0	529.11	99.5	1	1	resume	5.05
2026-06-03T00:56:41	6.09	638.62	632.32	99.4	1	1	resume	6.06
2026-06-03T00:56:42	7.1	677.82	671.35	100.4	2	1	resume	7.08
2026-06-03T00:56:43	8.12	787.62	781.16	99.2	2	1	resume	8.09
2026-06-03T00:56:44	9.14	797.58	791.11	100.2	2	1	resume	9.11
2026-06-03T00:56:45	10.16	839.78	833.31	101.2	2	1	resume	10.14
2026-06-03T00:56:46	11.18	877.84	871.38	99.2	2	1	resume	11.15
2026-06-03T00:56:47	12.19	896.92	890.45	100.2	2	1	resume	12.17
2026-06-03T00:56:48	13.21	915.99	909.52	99.2	2	1	resume	13.18
2026-06-03T00:56:49	14.23	858.77	852.3	100.2	2	1	resume	14.2
2026-06-03T00:56:50	15.25	877.84	871.38	100.2	2	1	resume	15.22
2026-06-03T00:56:51	16.27	887.38	880.91	100.2	2	1	resume	16.24
2026-06-03T00:56:52	17.28	906.45	899.98	100.2	2	1	resume	17.26
2026-06-03T00:56:53	18.3	846.7	840.23	99.2	2	1	resume	18.27
2026-06-03T00:56:54	19.32	1031.72	1025.25	100.1	2	1	resume	19.29
2026-06-03T00:56:55	20.34	1031.72	1025.25	100.0	2	1	resume	20.31
2026-06-03T00:56:56	21.36	1031.73	1025.26	100.0	2	1	resume	21.33
2026-06-03T00:56:57	22.4	2111.85	2133.76	574.3	13	1	resume	27.3
2026-06-03T00:56:58	23.43	1788.89	1782.43	352.2	13	1	resume	30.91
2026-06-03T00:56:59	24.45	2040.91	2034.44	99.3	13	1	resume	31.93
2026-06-03T00:57:00	25.48	2376.92	2370.45	101.2	13	1	resume	32.97
2026-06-03T00:57:01	26.51	2878.18	2884.49	98.0	13	1	resume	33.98
2026-06-03T00:57:02	27.55	3322.09	3317.44	100.5	13	1	resume	35.02
2026-06-03T00:57:03	28.58	3332.97	3326.5	99.7	13	1	resume	36.05
2026-06-03T00:57:04	29.61	3081.04	3074.57	99.8	13	1	resume	37.08
2026-06-03T00:57:06	30.64	3081.04	3074.57	99.8	13	1	resume	38.11
2026-06-03T00:57:07	31.68	3081.04	3074.57	99.8	13	1	resume	39.14
2026-06-03T00:57:08	32.71	3190.2	3183.73	99.6	13	1	resume	40.17
2026-06-03T00:57:09	33.75	3428.62	3422.15	98.4	13	1	resume	41.19
2026-06-03T00:57:10	34.78	3075.89	3069.42	99.7	13	1	resume	42.22
2026-06-03T00:57:11	35.81	3253.09	3246.62	848.3	13	1	resume	50.96
2026-06-03T00:57:12	36.85	3607.5	3601.03	99.0	13	1	resume	51.99
2026-06-03T00:57:13	37.88	3954.93	3955.57	232.9	13	1	resume	54.39
2026-06-03T00:57:14	38.92	4050.78	4044.25	184.2	13	1	resume	56.31
2026-06-03T00:57:15	39.96	3607.78	3601.25	103.0	8	1	resume	57.38
2026-06-03T00:57:16	41.0	3760.24	3753.71	100.1	8	1	resume	58.42
2026-06-03T00:57:17	42.04	3997.48	3992.13	100.8	8	1	resume	59.47
2026-06-03T00:57:18	43.08	4227.55	4221.02	99.1	8	1	resume	60.5
2026-06-03T00:57:19	44.13	4456.43	4449.9	98.7	8	1	resume	61.53
2026-06-03T00:57:20	45.16	3519.15	3512.62	100.3	8	1	resume	62.57
2026-06-03T00:57:21	46.23	4796.36	4876.37	609.3	13	1	resume	69.08
2026-06-03T00:57:22	47.28	3992.5	3985.97	425.0	13	1	resume	73.53
2026-06-03T00:57:23	48.33	4671.52	4664.99	279.0	13	1	resume	76.47
2026-06-03T00:57:24	49.38	4390.58	4384.05	101.9	8	1	resume	77.54
2026-06-03T00:57:25	50.43	4491.14	4484.61	98.9	8	1	resume	78.58
2026-06-03T00:57:26	51.48	3927.46	3920.93	97.7	8	1	resume	79.6
2026-06-03T00:57:27	52.52	4174.09	4168.89	100.3	8	1	resume	80.65
2026-06-03T00:57:28	53.57	4413.84	4407.31	99.1	8	1	resume	81.69
2026-06-03T00:57:30	54.62	3898.98	3892.45	100.6	8	1	resume	82.74
2026-06-03T00:57:31	55.67	4990.66	4372.25	846.9	13	1	resume	91.62
2026-06-03T00:57:32	56.73	4717.28	4710.75	112.3	13	1	resume	92.81
2026-06-03T00:57:33	57.78	4167.32	4160.79	224.1	3	1	resume	95.18
2026-06-03T00:57:34	58.84	4540.25	4546.7	204.5	13	1	resume	97.35
2026-06-03T00:57:35	59.9	4349.22	4342.69	102.2	8	1	resume	98.43
2026-06-03T00:57:36	60.96	4568.99	4571.45	99.1	8	1	resume	99.48
2026-06-03T00:57:37	62.01	3894.61	3888.08	99.9	8	1	resume	100.53
2026-06-03T00:57:38	63.06	4028.0	4021.47	98.8	8	1	resume	101.57
2026-06-03T00:57:39	64.11	4273.7	4269.42	99.1	8	1	resume	102.61
2026-06-03T00:57:40	65.19	5369.83	5409.52	773.3	13	1	resume	110.9
2026-06-03T00:57:41	66.23	4653.82	4647.29	170.0	13	1	resume	112.67
2026-06-03T00:57:42	67.28	4349.79	4343.26	237.0	3	1	resume	115.17
2026-06-03T00:57:43	68.34	4247.6	4258.33	177.0	13	1	resume	117.04
2026-06-03T00:57:44	69.39	4416.51	4409.98	101.3	8	1	resume	118.11
2026-06-03T00:57:45	70.44	3713.12	3706.59	100.3	8	1	resume	119.16
2026-06-03T00:57:46	71.49	3846.52	3839.98	99.3	8	1	resume	120.2
2026-06-03T00:57:47	72.54	4081.95	4078.4	100.0	8	1	resume	121.25
2026-06-03T00:57:48	73.59	4323.36	4316.82	98.0	8	1	resume	122.28
2026-06-03T00:57:50	74.65	4628.61	4668.69	480.6	13	1	resume	127.4
2026-06-03T00:57:51	75.71	4656.01	4649.48	451.0	13	1	resume	132.18
2026-06-03T00:57:52	76.78	3531.36	3524.86	240.9	13	1	resume	134.75
2026-06-03T00:57:53	77.83	3895.33	3888.8	203.2	13	1	resume	136.88
2026-06-03T00:57:54	78.88	4168.31	4161.78	103.3	8	1	resume	137.97
2026-06-03T00:57:55	79.93	4349.39	4342.86	98.8	8	1	resume	139.0
2026-06-03T00:57:56	80.97	3531.39	3524.86	99.7	8	1	resume	140.04
2026-06-03T00:57:57	82.01	3531.39	3524.86	100.6	8	1	resume	141.09
2026-06-03T00:57:58	83.06	3540.8	3534.27	97.8	8	1	resume	142.11
2026-06-03T00:57:59	84.09	3788.76	3782.23	100.4	8	1	resume	143.15
2026-06-03T00:58:00	85.15	4323.79	4389.23	842.3	13	1	resume	152.02
2026-06-03T00:58:01	86.2	4541.37	4534.84	228.7	3	1	resume	154.43
2026-06-03T00:58:02	87.25	4233.32	4238.66	178.6	13	1	resume	156.31
2026-06-03T00:58:03	88.29	3076.5	3069.97	118.5	3	1	resume	157.54
2026-06-03T00:58:04	89.33	3105.59	3099.04	155.9	5	1	resume	159.17
2026-06-03T00:58:05	90.37	3105.6	3099.07	118.5	5	1	resume	160.4
2026-06-03T00:58:06	91.41	3105.6	3099.07	108.9	5	1	resume	161.53
2026-06-03T00:58:07	92.45	3105.61	3099.08	108.0	7	1	resume	162.65
2026-06-03T00:58:08	93.48	3105.59	3099.06	106.6	5	1	resume	163.75
2026-06-03T00:58:09	94.51	3243.87	3237.34	108.3	5	1	resume	164.87
2026-06-03T00:58:10	95.56	3379.09	3372.61	102.6	4	1	resume	165.94
2026-06-03T00:58:11	96.6	3473.48	3466.95	108.1	7	1	resume	167.07
2026-06-03T00:58:13	97.65	3473.46	3466.93	107.2	3	1	resume	168.19
2026-06-03T00:58:14	98.69	3473.48	3466.95	109.1	4	1	resume	169.33
2026-06-03T00:58:15	99.74	3473.48	3466.95	109.1	9	1	resume	170.47
2026-06-03T00:58:16	100.78	3473.48	3466.95	107.2	9	1	resume	171.59
2026-06-03T00:58:17	101.83	3473.47	3466.94	107.2	6	1	resume	172.71
2026-06-03T00:58:18	102.87	3473.47	3466.94	103.3	5	1	resume	173.79
2026-06-03T00:58:19	103.92	3472.96	3466.43	106.2	7	1	resume	174.9
2026-06-03T00:58:20	104.96	3472.96	3466.43	106.2	5	1	resume	176.01
2026-06-03T00:58:21	106.01	3472.96	3466.43	110.1	5	1	resume	177.16
2026-06-03T00:58:22	107.05	3483.08	3476.69	105.5	5	1	resume	178.26
2026-06-03T00:58:23	108.09	3564.85	3558.32	105.3	3	1	resume	179.36
2026-06-03T00:58:24	109.14	3727.34	3720.81	107.7	6	1	resume	180.49
2026-06-03T00:58:25	110.19	3886.33	3879.8	104.9	7	1	resume	181.59
2026-06-03T00:58:26	111.24	4010.56	4004.13	104.6	4	1	resume	182.69
2026-06-03T00:58:27	112.29	4146.4	4139.9	103.9	4	1	resume	183.78
2026-06-03T00:58:28	113.35	4283.81	4277.39	103.0	5	1	resume	184.87
2026-06-03T00:58:29	114.41	4430.27	4423.74	106.4	4	1	resume	186.0
2026-06-03T00:58:30	115.48	4581.94	4575.41	105.3	5	1	resume	187.12
2026-06-03T00:58:31	116.54	4581.94	4575.41	109.1	6	1	resume	188.28
2026-06-03T00:58:32	117.6	4581.96	4575.44	107.2	9	1	resume	189.42
2026-06-03T00:58:34	118.67	4581.96	4575.44	106.1	5	1	resume	190.55
2026-06-03T00:58:35	119.73	4581.96	4575.44	107.9	9	1	resume	191.7
2026-06-03T00:58:36	120.8	4581.95	4575.71	106.1	7	1	resume	192.83
2026-06-03T00:58:37	121.86	4581.95	4575.71	105.5	6	1	resume	193.95
2026-06-03T00:58:38	122.93	4581.96	4575.73	107.0	9	1	resume	195.09
2026-06-03T00:58:39	123.99	4581.94	4575.7	103.4	3	1	resume	196.19
2026-06-03T00:58:40	125.05	4581.95	4575.71	109.0	7	1	resume	197.35
2026-06-03T00:58:41	126.12	4581.95	4575.71	102.5	5	1	resume	198.44
2026-06-03T00:58:42	127.18	4581.94	4575.7	105.2	3	1	resume	199.56
2026-06-03T00:58:43	128.25	4581.96	4575.73	107.1	9	1	resume	200.7
2026-06-03T00:58:44	129.31	4581.94	4575.7	103.4	5	1	resume	201.8
2026-06-03T00:58:45	130.38	4581.94	4575.7	104.3	6	1	resume	202.91
2026-06-03T00:58:46	131.44	4630.7	4624.46	104.3	5	1	resume	204.02
2026-06-03T00:58:47	132.5	4630.71	4624.48	106.1	4	1	resume	205.15
2026-06-03T00:58:48	133.57	4630.71	4624.47	105.1	5	1	resume	206.27
2026-06-03T00:58:50	134.63	4630.71	4624.47	104.2	5	1	resume	207.38
2026-06-03T00:58:51	135.7	4630.7	4624.46	104.2	5	1	resume	208.49
2026-06-03T00:58:52	136.76	4630.7	4624.46	105.2	5	1	resume	209.61
2026-06-03T00:58:53	137.83	4630.7	4624.46	105.1	5	1	resume	210.73
2026-06-03T00:58:54	138.89	4630.71	4624.48	106.1	9	1	resume	211.86
2026-06-03T00:58:55	139.96	4630.7	4624.46	102.4	4	1	resume	212.95
2026-06-03T00:58:56	141.02	4630.7	4624.46	107.0	7	1	resume	214.09
2026-06-03T00:58:57	142.09	4630.69	4624.45	102.3	4	1	resume	215.18
2026-06-03T00:58:58	143.15	4630.71	4624.48	108.9	9	1	resume	216.34
2026-06-03T00:58:59	144.22	4630.7	4624.46	102.4	4	1	resume	217.43
2026-06-03T00:59:00	145.28	4630.7	4624.46	104.2	3	1	resume	218.54
2026-06-03T00:59:01	146.35	4630.7	4624.46	105.1	5	1	resume	219.66
2026-06-03T00:59:02	147.41	4630.71	4624.48	105.2	6	1	resume	220.78
2026-06-03T00:59:03	148.48	4630.7	4624.46	106.1	7	1	resume	221.91
2026-06-03T00:59:04	149.54	4630.7	4624.46	103.3	6	1	resume	223.01
2026-06-03T00:59:05	150.61	4630.7	4624.46	108.0	7	1	resume	224.16
2026-06-03T00:59:07	151.68	4630.71	4624.48	104.7	9	1	resume	225.28
2026-06-03T00:59:08	152.75	4630.7	4624.46	105.6	3	1	resume	226.41
2026-06-03T00:59:09	153.82	4630.7	4624.46	107.5	4	1	resume	227.56
2026-06-03T00:59:10	154.89	4630.69	4624.45	105.7	5	1	resume	228.69
2026-06-03T00:59:11	155.96	4630.7	4624.46	107.6	5	1	resume	229.84
2026-06-03T00:59:12	157.03	4630.71	4624.48	110.3	7	1	resume	231.02
2026-06-03T00:59:13	158.1	4630.7	4624.46	105.6	6	1	resume	232.15
2026-06-03T00:59:14	159.17	4630.69	4624.45	105.6	5	1	resume	233.28
2026-06-03T00:59:15	160.24	4630.69	4624.45	105.6	5	1	resume	234.41
2026-06-03T00:59:16	161.31	4630.69	4624.45	108.4	6	1	resume	235.57
2026-06-03T00:59:17	162.38	4630.69	4624.45	105.6	6	1	resume	236.7
2026-06-03T00:59:18	163.45	4630.69	4624.45	106.5	5	1	resume	237.84
2026-06-03T00:59:19	164.52	4634.86	4628.62	107.5	9	1	resume	238.99
2026-06-03T00:59:20	165.59	4634.86	4628.62	104.7	9	1	resume	240.11
2026-06-03T00:59:22	166.66	4634.84	4628.6	109.3	5	1	resume	241.28
2026-06-03T00:59:23	167.73	4634.83	4628.59	104.6	4	1	resume	242.4
2026-06-03T00:59:24	168.8	4634.83	4628.59	106.5	3	1	resume	243.54
2026-06-03T00:59:25	169.87	4634.84	4628.6	106.5	5	1	resume	244.68
2026-06-03T00:59:26	170.94	4634.83	4628.59	106.6	5	1	resume	245.82
2026-06-03T00:59:27	172.01	4634.83	4628.59	106.5	6	1	resume	246.96
2026-06-03T00:59:28	173.08	4634.86	4628.62	108.4	9	1	resume	248.12
2026-06-03T00:59:29	174.15	4634.83	4628.59	104.6	5	1	resume	249.24
2026-06-03T00:59:30	175.22	4634.84	4628.6	105.6	6	1	resume	250.37
2026-06-03T00:59:31	176.29	4634.84	4628.6	105.6	5	1	resume	251.5
2026-06-03T00:59:32	177.36	4634.86	4628.62	107.5	9	1	resume	252.65
2026-06-03T00:59:33	178.43	4634.86	4628.62	101.9	5	1	resume	253.74
2026-06-03T00:59:34	179.5	4634.84	4628.6	102.8	6	1	resume	254.84
2026-06-03T00:59:35	180.57	4634.84	4628.6	103.8	4	1	resume	255.95
2026-06-03T00:59:37	181.64	4634.85	4628.61	104.7	5	1	resume	257.07
2026-06-03T00:59:38	182.71	4634.84	4628.6	105.6	6	1	resume	258.2
2026-06-03T00:59:39	183.78	4634.86	4628.62	105.7	9	1	resume	259.33
2026-06-03T00:59:40	184.85	4634.86	4628.62	106.6	9	1	resume	260.47
2026-06-03T00:59:41	185.92	4634.86	4628.62	102.0	4	1	resume	261.56
2026-06-03T00:59:42	186.98	4634.86	4628.62	105.6	9	1	resume	262.69
2026-06-03T00:59:43	188.05	4634.86	4628.62	103.8	6	1	resume	263.8
2026-06-03T00:59:44	189.12	4634.86	4628.62	105.7	9	1	resume	264.93
2026-06-03T00:59:45	190.19	4634.84	4628.6	104.7	7	1	resume	266.05
2026-06-03T00:59:46	191.26	4634.84	4628.6	101.0	9	1	resume	267.13
2026-06-03T00:59:47	192.33	4634.86	4628.62	105.7	6	1	resume	268.26
2026-06-03T00:59:48	193.4	4634.83	4628.59	104.7	5	1	resume	269.38
2026-06-03T00:59:49	194.47	4634.84	4628.6	105.7	7	1	resume	270.51
2026-06-03T00:59:50	195.54	4634.84	4628.6	102.8	4	1	resume	271.61
2026-06-03T00:59:51	196.61	4634.83	4628.59	104.7	6	1	resume	272.73
2026-06-03T00:59:53	197.68	4634.84	4628.6	103.8	7	1	resume	273.84
2026-06-03T00:59:54	198.75	4634.84	4628.6	108.4	6	1	resume	275.0
2026-06-03T00:59:55	199.82	4634.84	4628.6	104.7	6	1	resume	276.12
2026-06-03T00:59:56	200.89	4638.6	4632.36	103.6	9	1	resume	277.23
2026-06-03T00:59:57	201.96	4638.6	4632.36	102.7	4	1	resume	278.33
2026-06-03T00:59:58	203.03	4638.6	4632.36	105.6	9	1	resume	279.46
2026-06-03T00:59:59	204.1	4638.58	4632.34	106.5	5	1	resume	280.6
2026-06-03T01:00:00	205.17	4638.59	4632.35	104.7	4	1	resume	281.72
2026-06-03T01:00:01	206.24	4638.59	4632.35	105.6	5	1	resume	282.85
2026-06-03T01:00:02	207.31	4638.58	4632.34	104.7	5	1	resume	283.97
2026-06-03T01:00:03	208.38	4638.58	4632.34	106.5	6	1	resume	285.11
2026-06-03T01:00:04	209.46	4638.59	4632.35	105.6	6	1	resume	286.24
2026-06-03T01:00:05	210.53	4638.59	4632.35	103.7	5	1	resume	287.35
2026-06-03T01:00:06	211.6	4638.59	4632.35	105.6	6	1	resume	288.48
2026-06-03T01:00:08	212.67	4638.6	4632.36	106.5	7	1	resume	289.62
2026-06-03T01:00:09	213.74	4638.59	4632.35	106.5	5	1	resume	290.76
2026-06-03T01:00:10	214.81	4638.59	4632.35	104.7	6	1	resume	291.88
2026-06-03T01:00:11	215.88	4638.6	4632.36	107.4	9	1	resume	293.03
2026-06-03T01:00:12	216.95	4638.59	4632.35	105.6	5	1	resume	294.16
2026-06-03T01:00:13	218.02	4638.58	4632.34	103.7	3	1	resume	295.27
2026-06-03T01:00:14	219.09	4638.58	4632.34	104.7	5	1	resume	296.39
2026-06-03T01:00:15	220.16	4638.58	4632.34	104.6	4	1	resume	297.51
2026-06-03T01:00:16	221.23	4638.6	4632.36	110.3	7	1	resume	298.69
2026-06-03T01:00:17	222.3	4638.58	4632.34	106.6	4	1	resume	299.83
2026-06-03T01:00:18	223.37	4638.59	4632.35	108.5	7	1	resume	300.99
2026-06-03T01:00:19	224.44	4638.58	4632.34	107.6	6	1	resume	302.14
2026-06-03T01:00:20	225.51	4638.59	4632.35	107.6	5	1	resume	303.29
2026-06-03T01:00:21	226.57	4638.6	4632.36	108.5	5	1	resume	304.45
2026-06-03T01:00:23	227.64	4638.6	4632.36	110.4	5	1	resume	305.63
2026-06-03T01:00:24	228.71	4638.6	4632.36	107.6	4	1	resume	306.78
2026-06-03T01:00:25	229.78	4638.59	4632.35	108.4	5	1	resume	307.94
2026-06-03T01:00:26	230.85	4643.73	4637.49	104.1	5	1	resume	309.05
2026-06-03T01:00:27	231.91	4643.73	4637.49	107.0	5	1	resume	310.18
2026-06-03T01:00:28	232.97	4643.73	4637.5	106.0	5	1	resume	311.31
2026-06-03T01:00:29	234.04	4643.75	4637.5	109.7	5	1	resume	312.48
2026-06-03T01:00:30	235.11	4643.73	4637.5	105.8	4	1	resume	313.61
2026-06-03T01:00:31	236.17	4643.73	4637.49	105.9	5	1	resume	314.74
2026-06-03T01:00:32	237.24	4643.73	4637.49	106.8	3	1	resume	315.88
2026-06-03T01:00:33	238.31	4643.73	4637.5	108.5	5	1	resume	317.04
2026-06-03T01:00:34	239.38	4643.73	4637.5	108.5	7	1	resume	318.2
2026-06-03T01:00:35	240.45	4643.73	4637.5	105.6	5	1	resume	319.33
2026-06-03T01:00:36	241.52	4643.73	4637.5	105.9	7	1	resume	320.46
2026-06-03T01:00:37	242.59	4643.73	4637.5	107.5	6	1	resume	321.61
2026-06-03T01:00:39	243.66	4643.75	4637.51	109.4	9	1	resume	322.78
2026-06-03T01:00:40	244.72	4644.05	4637.81	102.0	7	1	resume	323.87
2026-06-03T01:00:41	245.79	4644.05	4637.81	105.6	5	1	resume	325.0
2026-06-03T01:00:42	246.86	4644.05	4637.81	106.6	7	1	resume	326.14
2026-06-03T01:00:43	247.93	4644.05	4637.82	108.4	5	1	resume	327.3
2026-06-03T01:00:44	249.0	4644.05	4637.82	106.6	4	1	resume	328.44
2026-06-03T01:00:45	250.07	4644.05	4637.82	106.6	5	1	resume	329.58
2026-06-03T01:00:46	251.14	4644.07	4637.83	107.8	9	1	resume	330.73
2026-06-03T01:00:47	252.21	4644.07	4637.83	109.6	7	1	resume	331.9
2026-06-03T01:00:48	253.28	4644.07	4637.83	107.7	7	1	resume	333.05
2026-06-03T01:00:49	254.34	4644.05	4637.82	107.7	5	1	resume	334.2
2026-06-03T01:00:50	255.41	4644.05	4637.82	105.9	4	1	resume	335.33
2026-06-03T01:00:51	256.48	4644.05	4637.81	104.9	4	1	resume	336.45
2026-06-03T01:00:52	257.53	4644.05	4637.82	106.6	6	1	resume	337.57
2026-06-03T01:00:53	258.6	4644.07	4637.83	108.8	9	1	resume	338.73
2026-06-03T01:00:55	259.66	4644.05	4637.82	106.9	6	1	resume	339.87
2026-06-03T01:00:56	260.73	4644.05	4637.82	103.1	4	1	resume	340.97
2026-06-03T01:00:57	261.8	4644.05	4637.82	106.9	4	1	resume	342.11
2026-06-03T01:00:58	262.87	4644.05	4637.82	105.5	6	1	resume	343.24
2026-06-03T01:00:59	263.93	4644.05	4637.82	104.6	4	1	resume	344.35
2026-06-03T01:01:00	265.0	4644.05	4637.82	107.5	4	1	resume	345.5
2026-06-03T01:01:01	266.07	4644.05	4637.82	108.4	7	1	resume	346.66
2026-06-03T01:01:02	267.13	4644.05	4637.82	105.5	4	1	resume	347.78
2026-06-03T01:01:03	268.2	4644.07	4637.83	106.9	5	1	resume	348.92
2026-06-03T01:01:04	269.26	4644.05	4637.82	108.7	7	1	resume	350.08
2026-06-03T01:01:05	270.33	4644.05	4637.82	105.0	4	1	resume	351.2
2026-06-03T01:01:06	271.39	4644.9	4638.66	106.2	6	1	resume	352.33
2026-06-03T01:01:07	272.46	4644.9	4638.66	105.9	6	1	resume	353.46
2026-06-03T01:01:08	273.53	4644.91	4638.68	109.7	9	1	resume	354.63
2026-06-03T01:01:09	274.59	4644.91	4638.68	106.0	9	1	resume	355.76
2026-06-03T01:01:11	275.66	4644.9	4638.66	106.7	5	1	resume	356.9
2026-06-03T01:01:12	276.73	4644.9	4638.66	105.0	5	1	resume	358.02
2026-06-03T01:01:13	277.8	4644.91	4638.68	106.8	5	1	resume	359.16
2026-06-03T01:01:14	278.86	4644.9	4638.66	107.8	7	1	resume	360.31
2026-06-03T01:01:15	279.93	4644.91	4638.68	105.0	9	1	resume	361.43
2026-06-03T01:01:16	281.0	4644.9	4638.66	106.8	5	1	resume	362.57
2026-06-03T01:01:17	282.06	4644.9	4638.66	106.8	6	1	resume	363.71
2026-06-03T01:01:18	283.13	4644.91	4638.68	105.9	9	1	resume	364.84
2026-06-03T01:01:19	284.2	4644.91	4638.68	108.7	9	1	resume	366.0
2026-06-03T01:01:20	285.27	4644.9	4638.66	106.8	4	1	resume	367.14
2026-06-03T01:01:21	286.33	4644.9	4638.66	101.3	4	1	resume	368.22
2026-06-03T01:01:22	287.4	4644.89	4638.65	106.8	4	1	resume	369.36
2026-06-03T01:01:23	288.47	4644.89	4638.65	108.7	6	1	resume	370.52
2026-06-03T01:01:24	289.53	4644.9	4638.66	109.5	5	1	resume	371.69
2026-06-03T01:01:25	290.6	4644.91	4638.68	110.7	5	1	resume	372.87
2026-06-03T01:01:27	291.67	4644.91	4638.68	107.6	9	1	resume	374.02
2026-06-03T01:01:28	292.74	4644.9	4638.66	108.7	4	1	resume	375.18
2026-06-03T01:01:29	293.78	4644.9	4638.66	109.0	4	1	resume	376.32
2026-06-03T01:01:30	294.85	4644.89	4638.65	107.7	4	1	resume	377.47
2026-06-03T01:01:31	295.92	4644.89	4638.65	109.6	6	1	resume	378.64
2026-06-03T01:01:32	296.98	4644.89	4638.65	105.9	4	1	resume	379.77
2026-06-03T01:01:33	298.05	4644.91	4638.67	108.5	5	1	resume	380.93
2026-06-03T01:01:34	299.12	4644.89	4638.65	106.8	5	1	resume	382.07
2026-06-03T01:01:35	300.19	4644.89	4638.65	106.7	5	1	resume	383.21
2026-06-03T01:01:36	301.26	4644.9	4638.66	108.6	6	1	resume	384.37
2026-06-03T01:01:37	302.33	4644.9	4638.66	105.6	7	1	resume	385.5
2026-06-03T01:01:38	303.4	4644.9	4638.66	107.5	7	1	resume	386.65
2026-06-03T01:01:39	304.46	4644.91	4638.68	107.6	5	1	resume	387.8
2026-06-03T01:01:40	305.53	4644.91	4638.68	106.8	6	1	resume	388.94
2026-06-03T01:01:41	306.6	4644.9	4638.66	107.5	5	1	resume	390.09
2026-06-03T01:01:43	307.67	4644.91	4638.68	108.4	9	1	resume	391.25
2026-06-03T01:01:44	308.74	4644.89	4638.65	104.7	4	1	resume	392.37
2026-06-03T01:01:45	309.81	4646.96	4640.73	107.5	6	1	resume	393.52
2026-06-03T01:01:46	310.88	4646.97	4640.73	105.6	5	1	resume	394.65
2026-06-03T01:01:47	311.95	4646.96	4640.73	106.5	6	1	resume	395.79
2026-06-03T01:01:48	313.02	4646.96	4640.73	108.4	5	1	resume	396.95
2026-06-03T01:01:49	314.09	4646.96	4640.73	105.8	6	1	resume	398.08
2026-06-03T01:01:50	315.16	4646.96	4640.73	106.0	5	1	resume	399.21
2026-06-03T01:01:51	316.22	4646.96	4640.73	107.8	5	1	resume	400.36
2026-06-03T01:01:52	317.29	4646.97	4640.73	106.9	4	1	resume	401.5
2026-06-03T01:01:53	318.36	4646.99	4640.75	106.9	5	1	resume	402.64
2026-06-03T01:01:54	319.43	4646.96	4640.73	106.4	5	1	resume	403.78
2026-06-03T01:01:55	320.5	4646.97	4640.73	109.3	7	1	resume	404.95
2026-06-03T01:01:56	321.57	4646.97	4640.73	103.7	4	1	resume	406.06
2026-06-03T01:01:58	322.64	4646.96	4640.73	107.4	6	1	resume	407.21
2026-06-03T01:01:59	323.71	4647.13	4640.89	104.6	5	1	resume	408.33
2026-06-03T01:02:00	324.78	4647.16	4640.92	109.3	9	1	resume	409.5
2026-06-03T01:02:01	325.85	4647.14	4640.9	106.6	4	1	resume	410.64
2026-06-03T01:02:02	326.92	4647.14	4640.9	106.5	6	1	resume	411.78
2026-06-03T01:02:03	327.99	4647.14	4640.9	108.3	7	1	resume	412.94
2026-06-03T01:02:04	329.06	4647.15	4640.91	107.4	5	1	resume	414.09
2026-06-03T01:02:05	330.13	4647.15	4640.91	105.5	5	1	resume	415.22
2026-06-03T01:02:06	331.21	4647.13	4640.89	106.4	5	1	resume	416.36
2026-06-03T01:02:07	332.28	4647.14	4640.9	108.4	7	1	resume	417.52
2026-06-03T01:02:08	333.35	4647.14	4640.89	105.5	3	1	resume	418.65
2026-06-03T01:02:09	334.42	4647.14	4640.9	108.3	6	1	resume	419.81
2026-06-03T01:02:10	335.49	4647.13	4640.89	105.7	5	1	resume	420.94
2026-06-03T01:02:11	336.56	4647.13	4640.89	104.6	4	1	resume	422.06
2026-06-03T01:02:13	337.63	4647.14	4640.9	107.4	7	1	resume	423.21
2026-06-03T01:02:14	338.7	4647.16	4640.92	103.7	9	1	resume	424.32
2026-06-03T01:02:15	339.77	4647.16	4640.92	99.8	9	1	resume	425.39
2026-06-03T01:02:16	340.84	4647.14	4640.91	119.4	3	1	resume	426.67
